name,batch,blood_group,contact_number,current_location
Tayef Mahmud,59,O-,01873228724,"House no. 1, Road-3, Block-A, Mirpur-1, Dhaka-1216"
Munshi Azizur Rahman Rubel,59,B+,01840578246,"14/15, Masranga Bhaban, Uttar Tolarbag, Mirpur-1, Dhaka-1216"
Md. Pavel,59,AB+,01924725697,"79/A Golartek, Mirpur-1, Dhaka"
Baishakhi,59,A+,01311137065,"93/A, Bashir Uddin Road, Kolabagan, Dhaka"
Sabbir Ahasan Shezan,59,A+,01306833453,"Payra Bhaban, 9th Floor, Sher-e-Bangla Nagar, Dhaka"
Md. Titu Mia,59,B+,01952001866,"Vill. Voron Para, PO. Katarapara, PS. Daudkandi, Dist. Cumilla"
Md. Azizul Islam,59,B+,01736616366,"House no. 6B/A, 2nd Colony, Mirpur-1, Dhaka-1216"
Noor-E-Alam Khan,59,AB+,01613997592,"Dokhin Keranigonj, Dhaka-1310"
Rakibul Islam,59,AB+,01796658717,"Vill: Joinodin Sarder Para, PO: Goalonda, Dist: Rajbari"
Sharif Abdullah,59,O+,01303677305,"Vill. Tarail, PO. Tarail Bazar, PS. Kashiani, Dist, Gopalgonj"
Asad Aden Abdi,59,A+,01614646981,
Md. Tamim Khan,59,A+,01630563352,"70, Nilamber Saha Road, Hazaribag, Dhaka-1205"
Nushra Yasmin,59,B+,01687004649,"1/11B, Navana robani Ridgedale, Shangbadik Area, Taltola, Mirpur-11,Pallabi, Dhaka"
Mariam Akter Khusi,59,A+,01777114461,"House no: 105, Road no: 06, PO: Mirpur-1216, PS: Pallabi, Dhaka"
Linda Sharmin,59,O+,0171831699,"Vill: Poschim Vobanipur, PO+PS+Dist: Rajbari"
Mafuza Akter,59,O+,01944355032,"House no: 43, Road no: Borokanda, PO: Shibnagar-3515, PS: Meghna, Dist: Cumilla"
Sayful Islam,59,A+,01743564966,"Vill: Karguna, PO: Darululum, PS: Betagi, Dist: Barguna"
Md. Ahad Ali,59,A+,01521394922,"House no: 14, Road no: 05, Turag Cityu, Mirpur-1, Dhaka-1216"
Md. Shahrukh Hasan,59,O+,01303360017,"Vill: Korikorpara, PO: Magura, PS: Magura Sadar, Dist: Magura"
Md. Hamim Sheikh,59,O-,01575393288,"Vill: Kamangram, PO: Kamangram, PS: Alfadanga, Dist: Faridpur"
Shaik Mobarock Hosain,59,O+,01972202232,"House no: 48, Road no: 8/1, Sect: 01, Block: A, PO: Mirpur-2, PS: Sha Ali, Dhaka-1216"
Aditto Ghosh,59,A-,01641968504,"68/2, Golartek, Darussalam, Mirpur-1, Dhaka-1216"
Md Miraz Mahmud,59,B-,01750811347,"104 A/12, Hossain Saheb goli, Jafrabad, Mohammadpur, Dhaka-1207"
Jarin Ahmed,59,AB+,01881992499,"Vill: Hizla, PO: Amin Bazar, PS: Savar, Dist: Dhaka"
Md. Ibrahim Khalil,59,B+,01948370570,"House no: 752/5, Shuganda Sarak, Lalmohan Paurashava, Lalmohan-8330, Bhola"
Md. Arman Hossain,59,O+,01715474743/01830833294,"82, East Ahmed Nagar, Mirpur-2, Dhaka-1216"
Md. Sabbir Ahmed,59,AB+,01316035100,"Vill: Alongi, PO+PS: Kumarkhali, Dist: Kushtia"
Esrafil,59,A+,01859727208,"Vill: Tilip, PO: Tilip Madrasah, PS: Nangalkot, Dist: Cummilla"
Md. Fazle Rabbi Firdaus,59,B+,01767542690,"Vill: Dhona, PO: Perihat, PS: Gabtoli, Dist: Bogra"
Marjana Akter Happy,59,AB-,01729900574,"Vill: Dhona, PO: Perihat, PS: Gabtoli, Dist: Bogra"
Md. Jakirul Islam,59,O+,01538252774,"Central Poultry Fairm Staf Quarter, Mirpur-1, Dhaka-1216"
Md. Al- Amin,59,B+,01827903643,"House no: 04, Road no: 02, Block: H, Mirpur-02, Dhaka- 1216"
Md. Shahin Uddin,59,A-,0163656191,"Vill: Balighugry, PO: Bhewanar, PS: Sirajgonj, Dist: Sirajgonj"
Md. Faisal Ahmed,59,B+,01943189863,"22/D, Bismillah Tower, Lalkuthi Bazar, Mirpur-1"
Md. Robin Molla,59,B+,01955151867,"Vill: Agmarai, PO: Rajbari, PS: Rajbari Sadar, Dist: Rajbari"
Shah Alam,59,B+,01404698651,"Vill: Aukpara, PO: Dairy Farm, PS: Ashulia, Dist: Dhaka"
Md. Naimur Rahman,59,O-,01719679378,"Vill: Deger Bari, PO: Dhefuly Bari, PS+dist: Jamalpur Sadar"
Suravy Akter,59,A+,01635328891,"497/102/A .B, North Ibrahimpur, Mirpur-14"
Md. Mahin Rony,59,B+,01906677764,"Batikamara, Kumarkhali, Kushtia"
Md Noyon Hosen,59,B+,01730536149,"Hogla, Baniakandi, Kumarkhali, Kushtia"
Abdus Salam,59,AB+,01793762192,"Tebaria, Kumarkhali, Kushtia"
Najmul Hossain,59,A-,01538383362,"4/1, Khayerhara, Kumarkhali, Kushtia"
Mishu Akter,59,B+,01876131964,"Vill: Kamarkanda, PO: Chitrakote, PS: Shirajdikhan, Dist: Munsigonj"
Shapon Ali,59,O+,01739578328,"Vill: Boiraty, PO: Karimpur, PS: Kaligonj, Dist: Lalmonirhat"
Prodip Sarkar,59,O+,01760633199,"Vill: Murakor, PO: Murakori, PS: Lakhai, Dist: Hobigonj"
Minhazul Islam,59,A+,01781349766,"Vill+PO: Nonni Bazar-2111, PS: Nalitabari, Sherpur"
Md Nazmus Sakib,59,O+,01816493075,"2/8/, I/1, Tolarbagh, Mirpur-1, Dhaka-1216"
Md. Ahasan Islam,59,B+,01937859799,"Holding no: 03/53, Blockk- B, Namaganda, Savar, Dhaka"
Sumaiya Tahmid,59,B+,01957627665,"House no: 30, Road no: 03, Block: A, Prianka Housing, Turag City, Mirpur-01, Dhaka-1216"
Shaiek Hossain,59,B+,01711360250,"House no: 297, Ward no: 07, Vill: Barahipus, PS:Feni sadar, Dist: Feni"
Md. Eahsanul Mahmud Ratul,59,AB+,01911824674,"17/E, Lalkuthi, Bashupara, Mirpur-1, Dhaka-1216"
Rashedul Islam,59,O+,01735901756,"Vill: Rajapur, PO: Korondi, PS: Srepur, Dist: Magura"
Jahangir Alam,59,A+,01783735737,"Jhenigati, Sherpur, Mymensingh"
Tahorima Chadni,59,A+,01765601047,"Pial Villa, House no: 334/1, Senpara Parbata, Mirpur-10, Dhaka-1216"
Hasibul Islam,59,O+,01789137977,"House no: 3/2/4/-B, Tolarbag, Mirpur-1, Dhaka-1216"
Anamika Akter,59,A+,01986027748,"56 A/A, 2nd Colony, Mazar road, Mirpur-1, Dhaka-1216"
Md. Masud Rana,59,O+,01728624053,"Vill: Solakhora, PO: Sagordighi, PS: Ghatail, Dist: Tangail"
Md. Ali Akbor,59,A+,01730255696,"Vill+PO: Loxmindor, PS: Ghatail, Dist: Tangail"
Md. Jubaier Ahmed Anik,59,A+,01303352478,"Vil:Maniknagor,Post;Joynoger,PS:Ishwardi Dist:Pabna"
Md Saddam Hossain,59,O+,01704346385,"49/4, Al- Amin Road, Green road, Dhanmondi"
Md. Roub Hossion Rony,60,B+,01738626600,"Hematpur, Dokhin para, PO: Hematpur, PS: Savar, Dist: Dhaka (Break Primary School Pichone)"
Md. Nayeem Hossen,60,AB+,01759922271,"Vill+PO: Bamondi, PS: Gangni, Dist: Meherpur"
Saimun Miah,60,B+,01724093169,"Vill+PO+PS: Bhaluka, Dist: Mymensingh"
Sania Akter Santa,60,AB+,01701787909,"Houser no: 21, Road no: 09, Block: C, Avenew: 02, Mirpur- 13, Dhaka"
Md. Amm - Man Pappu,60,AB+,01755146362,"Vill: Anandagram, PO: Harashpur, PS: Madhabpur, Dist: Habiganj"
Md. Musfiqur Rahman,60,AB+,01793404924,"Vill: North Kalibari, PO: Faridpur, PS: Kotwali, Dist: Faridpur"
Md. Fahim Hossain Khan,60,AB+,01683424472,"Vill: Radio Colony, PO: Sobhan bag, PS: Savar, Dist: Dhaka"
Md. Razu,60,O+,01891752794,"B/130, Middlle Kaundia, Mirpur-1213, Savar, Dhaka"
Md. Imran Hossen,60,O+,01642975820,"Vill: Taltola, PO: Shagordighi, PS: Ghatail, Dist: Tangail"
Chinmaya Halder,60,B+,01795726899,"Vill: Haridashkati, PO: P.P Bariya, PS: Monirampur, Dist: Jessore"
Md. Abu Sayid,60,B+,01750487965,"Vill: Baura, PS: Baura, PS: Patgram, Dist: Lalmonirhat"
Md. Sayem Uddin,60,B+,01751961670,"Vill: Laxmipur, PO: Nischinropur, PO: Sujanagar, Dist: Pabna"
Arman Hossain Bappi,60,A+,01862146092,"Vill: Atakora, PO: Joggonathdighi, PS: Chowddagram, Dist: Cumilla"
Oweshi Khondoker Jhumur,60,A+,01989621000,"House no: 316/A, Ahmed Nagar, Mirpur, Dhaka"
Ahsan Asif Rid,60,B+,01325174071,"Vill+PO+PS: Dashmina, Dist: Patuakhali"
Samin Sadik Khan,60,A-,01881674502,"76/2/E/205/Kha, North Jatrabari, Dhaka-1204"
Md. Anwar Hossin Robi,60,B+,01743940959,"25/2/A, West Monipur, Mirpur, Dhaka"
Jesmin Akter,60,O+,01972584898,"Vill: chargila bari, PO: Gilabari, PS: Islampur, Dist: Jamalpur"
Rocky Chowdhury,60,O+,01639066718,"Vill:Gopinathpur,Post:Gopinathpur,Ps:Kasba,Dist:Brahmanbaria"
Arman Hossain Imon,60,A+,01307865075,"Vill: Jafor nogor, PO: Dalta, PS: Ramgonj, Dist: Laxmipur"
Md. Mazedur Rahman Jewel,60,O+,01826532351,"Vill: Shanpukuria, PO: Durgapur, PS: Durgapur, Dist: Rajshahi"
Shakil Ahmed,60,B+,01793799317,"Vill: Ahdorail, PO: Nachole, PS: Nachole, Dist: Chapinwabganj"
Golam Wadud Ove,60,O+,01303136062,"180/6, Road no; 04, Shanti Niketon, Dhaka"
Md. Shahnewaz Shakil,60,O+,01580852789,"Baliadanga, Chapainawabgonj Sadar, Chapainawabganj"
Md. Abul Hasant,60,AB+,01855690008,"Vill: Shakharia, PO: Chakhan, PS: Chakhan, Dist: Barishal"
Kh. Al Amin Hossen,60,O+,01778634829,"Vill: Nogor Shawata, PO: Komlapur, PS: Kumarkhali, Dist: Kushtia"
S.M.Masud Kaisar,60,AB+,01712549473,"School (Jorakhalpar) Ishurdi, Pabna"
Md. Juber Rahman Limon,60,B+,01703546975,"Viil: Buzruk Boalia, PO+PS: Gobindaganj, Dist: Gabindha"
Golam Morshed,60,O+,canceled,"Vill: Kaundia, PO: Amin bazar, PS: Savar, Dist: Dhaka"
Tamanna,60,B+,01313248936,"Vill: Banglahili, PO: Banglahili, PS: Hakimpur, Dist: Dinajpur"
Md. Arafat,60,O+,01742348002,"Vill: Boalia. PO: Boalia, PS: Bakerganj, Dist: Barishal"
Md. Maruf Rabbani,60,B+,01784576555,"Avenue Heaven, Polt no: 36, Road no: 01, Jahangirnagar Housing Society, Savar, Dhaka"
Md.Selim Hossen,60,AB+,01943466328,"Vill:Balaseti,Post:khutirhat,Ps:Dhnobari,Dist:Tangail"
Md. Shakil Ahmed,60,O+,01703704071,"Tolarbag 3 no Gate, Mirpur-1, Dhaka"
Md. Mizanur Rahman,60,B+,01996365577,48/3 Bardhanbari
Wahida Rahman Mumu,60,AB+,01912339204,"41,No;Hossain Uddin Khan 2nd Lane,Lalbag,Nobabgong"
Md.Abul Basher,60,O+,01721229709,"House no:01,Road :04,Block No:K,Eastern Housing ,Mirpur-12,Dhaka 1216"
Shubhradeb Akash,60,AB+,01757200224,"Vill: Kayamkhola, PO: Kumira, PS: Tala, Dist; Satkhira"
Jannatul Hoque Nayem,60,B+,01863867069,"House No:74/4/1,Natun Bazar,Kollyanpur,Dhaka"
S.M.Ariful Razib Akash,60,O+,01711338960,"Vill:munshiplpur,Post:Dasheria,Ps:Ishwordi,dDst:Pabna"
Md.Imran,60,AB+,01307569941,"Vill:Mativanga,Post:Choto Begal,Ps:PatuakhaliDist;Patuakhali"
Md. Arafat Hossan,60,A-,01785753687,"Vill: Hamdah Islampara, PO: Jhenidah, PS: Jhenidah SDadar, Dist: Jhenidah"
Md.Sabbir Ahmed,60,O+,01965830936,"Bcc Staff Quarter .10 No outtoll,Dhalpur Jatrabari Dhaka"
Muslima Islam,60,A+,01705517504,"House no; 36/1/B-1, Motaleb Vhila, Mirpur-13, Dhaka-1216"
Md. Hafijur Rahman,60,O+,01740639258,"Aramkathi, Shantirhat, Jalabari, Nesarabad, Pirojpur"
Md. Mosfiqur Rahman,60,O+,01717397102,"Vill: Alombiditor, PO: Alombiditor, PS: Gangachara, Dist: Rangpur"
Mst. Anna Khatun,60,A+,01717155241,"Vill: Chorboldia, PO: Banga Sonahat, PS: Bhurungmari, Dist: Kurigram"
Most. Monalisa Akter,60,AB+,01738145152,"Vill: Heramony, PO: Bahadur Hat, PS: Birganj, Dist: Dinajpur"
Syed Aminul Haque,60,O+,01642935997,"House No;24/1,East kazipara,Mirpur-01.Dhaka1216"
Mubasshir Hasan Mahmud,60,A+,01782508721,"House no: 28, Road no: 2, Block: C, Mirpur-13"
Abu Hanif Rasel,60,A+,01852033331,"193/A, Baro Ali Para, Bagbari, Mirpur-1216"
Sharif Arman Sorol,60,B-,01790890070,"Flat E-2,32,Oriental Log Cabin,New Market Mirpur Road ,Dhaka-1205"
Habibur Rahman Hemel,61,B+,01963929758,"Vill: Chowdhurygaon, PO: Kashipur, PS: Fultulla, Dist: Narayangonj"
Sadia Aktar,61,B+,01965517181,"House no: 27, Road no: 08, Block: D, Mirpur-1"
Md. Adnan Ahammed,61,O+,01837535241,"196/1, 1st Colony, Mazar Road, Mirpur-1, Dhaka"
Ria Afrose,61,A-,01996663620,"Vill: Panchpakhiya, PO: Kumiradha, PS: Shailkupa, Dist: Jhinidha"
Md.Rakib Hossain,61,O+,01902401399,"vill:Kaliya,Post:Kaliya,Ps:Bauphal,Dist:Patuakhali"
Ahsanul Kabir Prince,61,B+,01775910086,"Vill: Karigarpara, PO+PS: Harinakundu, Dist: Jhenaidah"
Md. Shahed Ali,61,O+,01938516411,"Vill+PO: Khamar Andharijhar, PS: Bhurungamari, Dist: Kurigram"
Md. Ahanaf Shahariar,61,O+,01829602482,"Vill: Khalest, PO: Munshiganj, PS: Munshiganj Sadar, Dist: Munshiganj"
Md. Shahid Hassan,61,A+,01768378179,"40/1, Road no:52, Block: F, Eastern Housing, Mirpur-11"
Mehedi Hassan,61,A+,01969380657,"Vill:Shjahanpur,Post:Majhira,Ps:shajhanpur,Dist;Bogura"
Mohammad Mahmud Hosain,61,A-,01537722225,"Vill: Kawndia, PO: Mirpur bazar-1218, PS:Savar, Dist: Dhaka"
Nur Faisal,61,B+,01307299411,"House no: 92, Block-K, Road no: 07, Uttar Bishil, Mirpur-1, Shahali, Dhaska"
Md. Hasibur Rahman Rikto,61,O+,01782414110,"Vill: Hawla, PO: Kachia Bunia, PS: Rangabali, Dist: Patuakhali"
Shanto Hossain,61,A-,01642600303,"Vill: Golabari, PO: Ntakuri-2210, PS: Muktagacha, Dist: Mymenshing"
Md. Hosen,61,AB+,01716698793,"Vill:Shurdagi,Horendropur, PO: Natunpara, PS: Kolapara, Dist: Patuakhali"
Fatema Tujjohora,61,B+,01759142354,"House: Sardar Bari, Vill: Moddhagram, PO: Bongram, PS: Muksudpur, Dist: Gopalganj"
Md. Mamun Mia,61,AB+,01749585539,"Vill: Challevogolanpur , PO: Dholvangha, PS: Dadullapur, Dist: Gaibandha"
Abdullah Muhammod Rumman Ferdous,61,B+,01569183207,"7 South Kallyanpur, Kallyanpur Bus Stop, Mirpur, Dhaka"
Md. Rifat Mollah,61,A+,01866792491,"Vill+PO: Kunda, PS: Nasirnagar, Dist: Brahmanbaria"
Sk Shakib Saroar,61,O+,01642341079,"1-F, 3/21, Mirpur-1, Dhaka"
Tariqul Islam,61,B+,01738066096,"Vill: Anchar Hat, PO: Gopaljhar, PS: Joldhaka, Dist: Nilphamari"
Rupa,61,B+,01792408145,"Vill: Goaler Tila, PO: Mominkhar Hat-7800, PS: Sadar, Dist: Faridpur"
Imran Uddin Mukul,61,AB+,01953618694,"Vill: Kazirchar, PO: Kazirchar, PS: Sreebardi, Dist: Sherpur"
Md. Ashikur Rahman Ashik,61,B+,01568147677,"House no: 107 Halud Quater, Vill: Sherbangla Nagar, PO: Mohhammadpur Housing-1207, PS: Tejgan, Dist: Dhaka"
Md Farhan Uddin Akash,61,AB+,01745165007,"House no: 5, Road no: 1, Block: A, Section: 11, Pallabi, Mirpur, dhaka"
Fatima Wohabee,61,A+,01784270231,"193/5, dewanpara, Vashantek, Mirpur-14, Dhaka-1216"
Md. Yasin Sarkar,61,B+,01902546175,"House: 20, Road: 4, block: F, Mirpur-1, Dhaka-1216"
Md. Mutasaddik Limon,61,O+,01610547343,"Vill: Dangmorka, PO: Dangmopara, PS: Daulatpur, Dist: Kushtia"
S M Ariful Islam,61,A+,01924779745,"Vill: Rashaikpur, PO: Sree-Ratenpur, PS: Mujibnagar, Dist: Meherpur"
Tasnim Khanom Joya,61,AB+,01767905024,"House No. 217, Kafrul Tower, East Kafrul, Dhaka Cantt. Dhaka"
Most Eliza Khatun,61,O+,01316071848,"House No. 217, Kafrul Tower, East Kafrul, Dhaka Cantt. Dhaka"
Tabassum Tasmin Mohona,61,B+,0182225100,"Kumar Bari, Mirpur Boro Bazar, Kaundia, Savar, Dhaka"
Jobaer Ahmed,61,A+,01940986226,"Vill: North Masukhali, PO: Mashuakhali, Kalapara, Patuakhali"
Md Al Amin Shaown,61,A+,01883051335,"Nayan Madbor Kandi, Moheshkhali Ward-3 Muktarer, Naria, Shariatpur, Dhaka"
Md. Zahid Hasan,61,B-,01627633878,"House No:460,road No;07,Block;H,bashundaera"
Ajmin Shuvo,61,O+,01641590430,"13/10/Bazarpara,Mirpur 01,Dhaka-1216"
Md. Al-Islam Sopno,61,O+,01406943072,"10/5,Bordhan Bari Mirpur-01,Dhaka-1216"
Mst. Tania Khatun,61,B+,01740350841,"House no: 17/B, Moddhopaikpara, Mirpur-1"
Md. Asadulla Hil Galib,61,A+,01927216563,"261/2, Agargaon, Sher- E- Bangla Nagar, Dhaka-1207"
Md.Shakil,61,B+,01569179015,"Vill:Sonapur,Post+Ps:Noakhali,Dist:Noakhali"
Md Shakibur Rahman,61,O-,01727538985,"Vill: Sundarpur, PO: Pannatala-7350, PS: Kaliganj, Dist: Jhenaidah"
Md. Al-Amin,61,B+,01768237630,"House: Dhali Bari, Vill: Chokdhos, PO: Kunjer Hat-8320, PS: Borhanuddin, Dist; Bhola"
Amir Hossain Shawon,61,B+,01954977758,"674, West Ibrahimpur, PO: Dhaka Cant-1206, PS: Kafrul, Dist: Dhaka"
Shohel Rana,61,O+,01795070289,"Vill: Goborgara, PO: Khas Mthurapur-7052, PS: Daulatpur, Dist: Kishtia"
Farhana Ferdausi Mukti,61,A+,01785609245,"vill:Chandpur,Post+Debhata,ps:Debhata,Dist:Satkhira"
Md.Rabiul Islam Nayem,61,B+,01409413954,"111/1Bazar Para,gabtoli,Darussalam ,Dhaka"
Ibrahim Khalil,61,O-,01648493930,"7/1Horirampur,Mirpur-01,Dhaka-1216"
Dip Saha,61,A+,01736350242,"Vill: Mijdeebazar, PO: Mijdeebazar Cort, PS: Sudharam, Dist: Noakhali"
Md. Nahid Hasan Pial,61,B+,01830494309,"Sher-E-Bangla, Ruptali, Ruptali Housing, Barisal"
Kaniz Fatema Juthy,61,O+,01314069899,"Vill: Shonkarhuda, PO: Bathangachi, PS: Mohespur, Dist: Jhenaidah"
Md. Abdul Aziz Rabbi,61,AB+,01620475016,"Vill: Sapani para, PO: Boilapur, PS: Nagarkonda, Dist: Savar-1340"
Md.Riajul Islam,61,B+,01799299881,"219/A,Rayer Bazar,Godighorgoli,Dhanmondi,Dhaka"
Mahmud Bin Shihab,61,A-,01825856369,"Vill: Sajiura, PO: Modonpur-2400, PS: Netrokona Sadar, Dist: Netrokona"
Mehedi Hasan Neloy,61,A+,01715454583,"Vill: Nizkalpa, PO+PS: Mymensingh Sadar, Dist: Mymensingh"
Md. Fazley Rabbi Khan,61,A+,01757180970,"344/A22, 3rd Colony, Lalkuthy, Mazar road, Dhaka-1216"
Abu Jiahad,61,O+,01785902404,"Vill:Chanhkoir,Post:Chanchkoir,Ps:Gurudaspur,Dist;Natore"
Md.Farhan Tanvir,61,O+,01739639005,"vill;Amla,Post:Amla Soderpur,Ps:Mipur,Dist;Kushtia"
Avik Kumar Das,61,B+,01757922841,"Vill: Kalikapur, PO: Manda, PS: Manda, Dist: Naogaon"
Rukaiya Islam,61,A-,01914208313,"Road no: 12, Block: B, Sector no: 11, Lane-2, Pallabi, Mirpur, Dhaka-1216"
Zoni Ahmed,61,B-,01765918485,"Vill: Pargopalpur, PO: Nariagodai, PS: Santhia, Dist: Pabna"
Md. Ashifur Rahman,61,A+,01896223891,"7 Anipara, Baliarpur, Savar, Dhaka"
Kasfim Muskan,61,B+,01979998617,"22/1, Goran, Cotbari, Mirpur-1, Dhaka-1216"
Ragib Barket,61,B+,01774086317,"Talukkhutamara, Lalmonirhat"
Shamoli Akter,61,B+,01930125605,"9 no Bardhanbari, Mirpur-1, Dhaka-1216"
Md. Ariful Islam,61,AB+,01722682007,"Vill: Sreefolganti, PO+PS: Ullapara, Dist: Sirajganj"
Md. Tanvir Ahamed,61,O+,01406188570,"Vill: Sodur Bari, PO: Kaundia, PS: Savar, Dist: Dhaka, Dhaka-1216"
Mahfuja Akter,61,O+,01843681880,"Vill: Chilgacha, PO: Kuralia, PS+Dist: Sirajganj"
Sadia Jaman Rupa,61,B+,01918390859,"Vill: Chorbakor, PO: Chorkor-3530, PS: Debidwar, Dist: Comilla"
Koushikur Rahman,61,O+,01782479970,"Vill:Putigara,Post:Ataikula,Ps:Shathia,Dist:Pabna"
Tahmida Hoque Hridika,61,O+,01609316673,"375,Soruz Ali lane,Ahmed Nagar,Paikpara,Mirpur-01,Dhaka-1216"
Md Shahriare Hossain,61,B+,01712024776,"House No:363,flat No:6,road No;05,Baitul aman Housing socity,Adabor,Dhaka"
Mohua Sarkar,61,O+,01932875487,"Muktijodda Complex, Zoo Road, Mirpur-1"
Snigdha Mridha,61,B+,01739025281,"Kaichabari, Ashulia, Savar, Dhaka"
Md.Yousuf Ali Sheikh,61,AB+,01757903138,"Vill:Shuli Shobola,Post:Raygonj,DistSirajgonj"
Arif Hosen,61,B-,01612503476,"House No:01,Road No:4/A,Chandrima Model Town,Mohammadpur,Dhaka-1207"
Md. Jafor Hossain,61,B+,01643373555,"39/D, 3rd Colony, Darussalam, Mirpur"
Md.Mohsin kobir,61,A+,01400987799,"Vill:Joynabari,Post;Hemayetpur,Ps:Savar,Dist:Dhaka"
Shakhwat Hossen,61,O+,01939444682,"Vill: Puzkara, PO: Puzkara Boro Bazar, PS: Nangolkot, Dist: Cumilla"
Md Faisal Azad,61,O+,01747271630,"House No:L5/6A,Road No:11,South Bisil,Mirpur-01,Dhaka-1216"
Md. Rakibul Islam Rakib,61,O+,01751852541,"Paikpara, anser Camp, Mirpur-1, Dhaka"
Niloy Saha,61,B+,01932467809,"Hous No:117,Rose Garden New Eskation Dhaka"
Mahamudul Hasan Pavel,61,O+,01643573332,"House no: 13, Road no:03, Block-A, Section-11, Pallabi, Mirpur, Dhala-1216"
Md.Sanjim Mahmud Arafat,61,B+,01981309491,"House NO:10,Road NO:08,Block no:D,Section-06,Mirpur-06,Dhaka-1216"
Redwan Rashid Towsif,61,O+,01719695475,"Kajigaor Masjid Road,House No:32/118/Shanir Akhra,Dhaka-1362"
Anik Sutradhar Apu,61,A+,01871998355,"ViiLPachkani,Post:Kundia ,Ps:Savar,Dist:Dhaka"
Monira Sultana Mitu,61,A-,01922492441,"Vill:Akhonpara,Post:Haluagat,Ps:Halugat,Dist:Mymensingh"
Md. Rasel Khan,61,B+,01676115478,"26- North, Adabar, Dhaka-1207"
Nurjahan Islam Nupur,61,AB+,01533867126,"House No:2/A,FalatD/F,Paikpara,Officesrs Quater,Mirpur-01,Dhaka-1216"
Jannat Akter,61,A-,01724046914,"Vill;South Baila,Post:South Digildi,Ps:Bhola Sader,Dist:Bhola"
Intisar Ahmed,61,A+,01580787907,"Vill: Puranbazar, PO: Kachpur-1430, PS: Sonargaon Dist: Narayanganj"
Dibosh Sarker,61,O+,01732192920,"Kalikapur, Bonpara, Natore"
Kazi Sakib,61,O+,01909147088,"108/B/B, 1st Colony, Mazar road, Dhaka-1216"
Fariha Jaman,61,AB+,01999349924,"Vill: Birbag Goali, PO: Chor Goali, PS: Daudkandi, Dist: Cumilla"
Md. Shirajul Islam Shimul,61,A+,01648649828,"Agargaon, Pakamarket, Dhaka-1207"
Md. Imran Hasan,8/62,O+,01870631933,"vill: Pagla Uttar para, PO: Ullapara, Dist: Shirajganj"
Md.Aktaruzzaman Raza,8/62,A+,01716913389,"413/3Lake View Road,Kallayanpur,Dhaka"
Md. Toufiqur Rahman,8/62,A+,01688303680,"2/A,South Kallaynpur,Mirpur,Dhaka-1216"
Md Tanvin Balal Alif,8/62,B+,01521715735,"House No:18,Road No;03, Kaderabad Housing,Mohammadpur"
Md. Nazimuddin Rony,8/62,O+,01648148088,"House no: 31/23, Vill: Tajmohol road, PO: Muhammadur, Housing-1207, Muhammadpur, Dhaka"
Khondaker Ilias Shahid,8/62,B+,01680576091,"Vill:Rampur,Post:/Ps:Feni Sador,Dist:Feni"
Shanta Akter,8/62,A+,01772234369,"132/C, Shahalibag, Mirpur, Dhaka-1216"
Al Siam Sikder Nabin,8/62,AB+,"SiftedtoCE,ID:1053","Vill: Masjid para, PO+PS: Akhauna,, Dist: Brahmanbaria"
Sabrina Akter,8/62,B+,01633904220,"Sontek, Kajla, Jatrabari, Dhaka"
Nowshin Shams Oyshe,8/62,B+,01740565416,"House no: 1018, Vill: Radhanagar College Road, PO: Pabna-6600, PS: Pabna sadar, Dist: Pabna"
Md. Mazbah Uddin,8/62,O+,01781126495,"House no: 144, Vill: Chor Romesh, PO: Veduria-8300, PS: Bhola Sadar, Dist: Bhola"
Md.Shown Mridha,8/62,B+,01995360909,"House No:20/14,Toalbag,Mirpur-01,Dhak-1216"
Rumana Khatun,8/62,O+,01777553031,"Vill: Ramkantopur, PO:Raksha-6620, PS: Lalpur, Dist: Natore"
Robin Hossain,8/62,A+,01908451266,"Vill: Mashab, PO: Rupshi, PS: Rupganj, Dist: Narayenganj"
Mahmudul Hasan,8/62,A+,01571239117,"Hose no: 1317, Vill: Purbo Sheorapara, PO: Mirpur-1216, PS: Kafrul, Dist: Dhaka"
Md. Rohul amin Fahad,8/62,B+,01997603250,"1376, East Shewrapara, Mirpur, Dhaka-1216"
Md. Naeem Ahmed Shuvo,8/62,O+,01842161350,"Vill: Saidhangra, PO: Siraganj-6700, PS: Sirajganj sadar, Dist; Sirajganj"
Hameem Reza,8/62,O+,01824493014,"20/14/-E, North Ansar Camp, tolarbag, Mirpur-1"
Md. Rashed Hossain,8/62,B+,1867662737,"13 no, janata Housing, road-16, Mirpur-1, dhaka-1216"
Rahat Islam Ratul,8/62,B-,01863772509,"Chhoto Box Nagar, Chhoto Box Nagar, Bakshanagar, Nawabganj, Dhaka"
Md. Rakibul Islam,8/62,B+,01875609171,"Vill: Beltuli, PO: Kaundia, PS: savar, Dist: Dhaka"
Faysal Ahamed,8/62,B+,01857749211,"Hose no: 147, Vill: Fotehp[ur, PO: Chodidar-3462, PS: Koshba, Dist: Brahmanbaria"
Faria Akter Promo,8/62,O+,01533624130,"296/51st Colony Lalkuthi, Mazar road, Mirpur"
Md.Jesan Hasan,8/62,AB+,017480447827,"Neasrabad,Piruzpur"
Lia Akter,8/62,B+,01776477223,"House no: 5/3/H, House name: Hyperion Bonolata, Middle Paikpara, Anowaer Camp, Mirpur-1"
Md. Shakib Hossen,8/62,A-,01316213133,"Vill: Birampur, PO: Natun Uposadar-7400, PS: Jessore Sadar, Dist: Jessore"
Abu Mansur,8/62,O+,01755979896,"Vill:Kunjerhat,Post:Munshirhat,Ps:Borhanuddin,Dist:Bhola"
Md. Anik Hossain,8/62,B+,01999803684,"31/1, Polasnagor, Mirpur-11, Dhaka-1216"
Doly Akter Liza,8/62,B+,01739714294,"House No:28,/2,Midddel Paikpara,Mirpur-01,Dhaka-1216"
Sumona Easmin,8/62,B+,01319419637,"39/B, Mofiza monjil, Dhan Kheter more, Shah Ali Bag, Mirpur-1"
Md. Abu Rahan,8/62,O+,01834526714,"House: L63, Road: W4, Block: L, Eastern Housing, Pallabi 2ndFace"
Shiyam Ibne Nahid,8/62,A+,01995181328,"223/2Bagarbari,Gabtoli,Karmical Road,Mirpur,Dhaka-1216"
Md.Shaykot Islam,8/62,B+,01996427058,"Vill:Dashulia,Post:/Ps:Eshwardi,Dist:Pabna"
Mahin Ali Biswas,8/62,B+,01985121174,"Vill:Sultanpur,Post:Dasuria,Ps:Iswardi,Dist:Paban"
Ujjwal Bhakta,8/62,O+,01754166365,"Vill: BroDomrasur, PO: Tuthamandra, PS: Gopalganj Sadar, Dist; Gopalganj"
Koushik Das,8/62,O+,01602301398,"Vill: Magura, PO: Modhopoly, PS: Narail Sadar, Dist: Narail"
Al- Arafat Irad,8/62,B+,01779022892,"House No:E18,3rd Colony ,Mazar Road ,Mirpur-01,Dhaka-1216"
Mahabobol Hasan,8/62,O+,01628448056,"Vill: Masjid para, PO+PSAkhaura, Dist: Brahmanbaria"
Naimur Rahman Emon,8/62,O-,01774528482,
Md. Arifur Rahman,8/62,A+,01568068484,
Md.Rahat Khan,8/62,B-,01720507978,"Huse No:04,oad No:02,Block-B,Section-6,Mirpur-02,Dhaka-1216"
Md.Mizanur Rahman,8/62,O-,01701087139,"Vill:Materpara Gobindogonj,Post:Gobnigonj,Ps:Gobnidogonj,Dist:Gaibandha"
Syed Rizvee Ahmed,8/62,A+,01324064733,"Vill:Gondogram Miapara,Post:Bogra Sador,Ps:Shajahanpur,Dist:Bogra"
Mahbub Hassan,8/62,A+,01988486153,"551,Joyantia,Shakahrgathi,Jashore Sador,Jashore"
Md.Rakib,8/62,O+,01884466893,"Vill:Koidima,Post:Ahmeddpur,Ps:Borigram,Dist:Natore"
Md.Ariful Islam,8/62,A+,01738272956,"Vill:Patillakur,Post:Boro Jamalpur,Ps:Sadullapur,Dist:Gaibandga"
Saqib Hosen,8/62,O+,01643996425,"Vill:Ramnathpur,Post:Ghoga,Ps:Moktagasa,Dist:Mymensingh"
Maidul Rahman Emon,8/62,AB+,01323401694,"26 no Ward, Vill+PO: Horinafaliya, PS: Kotowali, Dist: Barshal"
Md. Naimul Islam Sourov,8/62,B+,01798050378,"3/2, Mohonpur, Ring road, Sheymoli"
Uthoai Marma,8/62,B+,01300040509,"Vill: Borobil, mo Manikchari Union Council, PO: Manikchhari, Dist: Khagrachhari"
Md. Abdul Alim,8/62,B+,01890977793,"Vill: Mosjidpara, PO: Namuja, PS: Bogra sdadar, Dist: Bogra"
Md. Zakir Hossain,8/62,O+,01869707754,"454, North Kazipar, Mirpur, Dhaka"
Md. Jakir Hossain,8/62,A+,01759235178,"House no; 177/1-A, Vill: Lalkuthi 2nd Colony, Block: Mirpur-1216, Mirpur, Dist: Dhaka"
Rakibul Islam,8/62,A+,01926967133,"House no: 34, Vill; Moulavi para,PO: Gopalganj Sadr- 8100, PS: Gopalganj Sadar, Dist: Gopalganj"
Suraiya Yasmin Mili,8/62,B+,01764506615,"Vill:Mohespur.Post:Junashur,ps:Kashani,Dist:Gopalgonj"
Shuvo Kumar Das,8/62,B+,01716716788,"Narayanpur, Pangsha, Rajshahi"
Md. Yakub Ali,8/62,B+,01853207027,"Vill: Khukni pshcim para, PO: Khukni-6770, PS; Shahajadpure, Dist; Sirajganj"
Md. Nasir Sarkar,8/62,A+,01887874170,"House no; 18, Road no; 01, Block;l H, mirpur-2"
Md. Taufikur Rahman Ridone,8/62,A+,01404615005,"Vill: Budda Sareng Bari,PO: Deora Poshchim Para, PS: Sarail, Dist; Brahmanbaria"
Md. Miraz Uddin,8/62,AB+,01608733585,"Vill:Sakura,Post:Asrafpur,Ps:Kachua,Dist:Chandpur"
Md. Rifat Hossain,8/62,B+,01750057251,"Ansar camp, Mirpur-1"
Tanvir Munshi,8/62,B+,01920749618,"261-Senpara, Mirpur-10, Dhaka-1216"
Md.Arob Juber Alif,8/62,AB+,01831066930,"Vill:343/Jkira,Post:Jhikira,Ps:Ullapara,Dist:Sirajgonj"
Md. Arafat Zayed Lam,8/62,AB+,01741468412,"Vill:Jhikira,Post:Ullapara,Ps:Ullapara,Dist:Sirajgonj"
Mazriha Aktar Priya,8/62,A+,01992546444,"Vill:Ujandia,Post:Kamarkhali,Ps:Mudhukhali,Dist:Foridpur"
Abu Hanif,8/62,AB+,01935402948,"Vill:Uttar Gazirchat,Post:Uttar Gazirchat,Ps:Savar,Dist:Dhaka"
Md.Abdur Rajjak,8/62,B+,01722374342,"Mirpur-02,SHEr-Bangla Cricket Stadiem,Dhaka"
Abu Hamid,8/62,A+,01634338477,"2-A,Road No:4/B,Plot-131/1Mirpur-02,Dhaka-1216"
Taslima Akter Sima,8/62,A+,01717763606,"A. G. B Colony, Motijheel, Dhaka"
Md. Shobuj Miah,8/62,B+,01317196487,"Vill: Sreekola, PO: Boro Jamalpur-5710, PS: Sadullapur, Dist: Gaibandha"
Md Maruf Hossain,8/62,B+,01756111792,"Dist; Dangapara, PO: Muktirhat-5340, PS: Domar, Dist: Nilfamari"
Md Asraful Alam Prottoy,8/62,A+,01946915002,"Vill; Chalkidanga, PO: Chalkidanga-7440, PS: Monirampur, Dist: Jessore"
Mitu Akter,8/62,O+,01761653953,"Vill:Shorisabari,Post:Gurichanna,Ps:Batag,Dist:Barguna"
Ibrahim Samrat,8/62,O+,01870866112,"177/1Jannatul FerdousShorak,Lalmohon,Bhola,Barisal"
Tahmina Akter,8/62,O+,01938038392,"Shere Bangla agriculture University, Staff Quater"
Md. Shefaul Islam Taj,8/62,A+,01304563884,"Mohmadi Housing Socaity, Mohammadpur"
Mahadi Hasan Akash,8/62,O+,01610281295,"Vill+PO: Rajashan,PS: Savar, Dist: Dhaka"
Nazmeen Akter,8/62,B+,01635856775,"House 45/5,Lake carkas Kolabagan,Dhanmondi,Dhaka-1209"
Mst. Sadia Tabassum,8/62,O+,01619399139,"Sazzan Karda, Word No; 05, PO: Rajbari, PS: Rajbari Sadar, Dist: Rajbari"
Mahamudar Rahman,9/63,B+,01787927228,"Vill: Sotokhata, PO: Dalia-5350, PS: Dimla, Dist: Nilphamari"
S.M.Samrat Al Zedan,9/63,A+,01975947974,"7 No Word ,New Sonakanda,Rohipur,Karnigonj,Dhaka"
Mohammad Mojammel Mollah,9/63,A-,01516502058,"Vill:Mollakandi Balochoir,Post:Balochor,Ps:Sirajdikhan,Dist:Munshigonj"
Radia Islam Hridy,9/63,O+,01884873074,"1107, South Ibrahimpur, Dhaka-1206"
Md. Shakil Hossain Saikat,9/63,A+,01521772720,"House no: 122/1, Saikat Vabon, Vill: Uttar Mourail, PO: Brahmanbaria-3400, PS: Brahmanbaria Sadar, Dist: Brahmanbaria"
Md. Fahad Bin Hai,9/63,A+,01886420667,"Link Road, Cox's bazar Sadar, Cox's bazar"
Md. Jubayer Mahamud,9/63,A+,01816666369,"Vill:Chalitabunia,Post:Boro Baisdia,Ps:Ragabali,Dist:Patuakhali"
Syed Arafin Hasan,9/63,A+,01756690966,"Vill:Magura,Post:Binerpota,Ps:Sathkhira Soder Dist:Satkhira"
Meherun Nesa Mowsumi,9/63,O+,01744923742,"31,Bardhanbari,Darussalam Thana,Mirpur,Dhaka-1216"
Rudra Halder,9/63,B+,01799420790,"House No:2,Road No:02,Block-B,Bosila,Dhaka"
Muslim Uddin,9/63,O+,01568919511,"Vill:Bangla,Post:Mordhao,Ps:Ullapara,Dist:Pabna"
Md. Mominul Islam,9/63,O+,01709978443,"Vill:Choto Dhalhara,Post:Dhawrah,Ps:Shailkupa,Dist:Jhenaidah"
Sadnan Safat Soyeb,9/63,A+,01722872454,"138/1Sha Ali Bagh Mirpur-01,Dhaka-1216"
G. M Touhidul Islam,9/63,A+,01776268704,"409, Uttar Kazipara, Mirpur-1, Dhaka"
Shahariyar Khan,9/63,O+,01721289376,"409, Uttar Kazipara, Mirpur-10"
Zahidur Rahman,9/63,B+,01753684654,"Raj- Fulbaria, Savar, Dhaka"
Md. Dalim Hossain Rabbi,9/63,O+,01880405152,"Raj Fulbaria, savar, Dhaka"
Md. Shihab Mia,9/63,O+,01631135341,"Vill: Hatab, PO: Masumabad-1460, PS: Ru, Dist: Narayanganj"
Fuad Shahariar,9/63,O+,01886336505,"48/A, Borobag, Section-2, Mirpur-2, Dhaka-1216"
Tasmina Rahman Purba,9/63,AB+,01316433466,"12/5/CHHA, Road no: 02,Shymoli, Sher-E-Bangla Nagar, Mohammadpur-1207, Zone-5, Kaewanbazar, Dhaka"
Sanzida Zaman Tuktuki,9/63,O+,01972679317,"15/3/A/1, East Ahmed Nagar, Mirpur-1"
Mission Sarkar,9/63,B+,01920858636,"House no: 6/2, Road no: 05, Kallayanpur"
Md. Rasel Hossen,9/63,A+,01319695585,"Vill; Machuria, PO: Mrigi, PS: Kalukhali, Dist: Rajbari"
Mehejabin Dola,9/63,A+,01817677493,"House no: 524, Vill; Kurakhali, PO: Bawalkar-8700, PS: Barguna Sadar, Dict: Barguna"
Tamal Krishna Dey,9/63,B+,01846477809,"Vill+PO: Maijdee Bazar, PS: Sudaram, Dist: Noakhali"
Abdul Karim,9/63,A-,01707683175,"Vill: Khamardanga, PO: Premtia, PS: Pangsha, Dist: Rajbari"
Zubaer Al Mahamud Shakib,9/63,B+,01779437467,"Vill: Binodpur, PO: Rajbari-7700, PS: Rajbari Sadar, Dist: Rajbari"
Md. Zahir Rayhan,9/63,O-,01305650905,"House no; 19, Road:09, Block: G1, Mirpur-2"
Miss Jannat Akter,9/63,B+,01824153609,"Vill: Koloshvanga, PO: Durgapur, PS: Motlob South, Dist: Chadpur"
Ruhan Hossain Pollock,9/63,A+,01755939409,"114/1,11-G, Mazar road, 2nd Colony, Mirpur-1, dhaka-1216"
Md. Parvez Hasan,9/63,A+,01762856301,"691, Konagram Narua, Ward no: 05, Narua, Balikandi, Rajbari"
Jannatul Ferdous,9/63,A+,01636765665,"47, Choto Diabari, Mirpur-1216, Zone -4, Mirpur-10, Dhaka"
Suraia Akter Prottasha,9/63,A+,01602676169,"Vill: Kazikandi, PO: Etavara, PS: Keraniganj, Dist: Dhaka"
Md. Faysal Mahamud,9/63,O+,01580320234,"1182/3, Mirpur-10, Dhaka-1216"
Naimul Islam Ridhoy,9/63,B-,01879060719,"Vill:Gharchor,Post/Ps:Homna,Dist:Cumilla"
Inzaman Ahshan,9/63,A-,01639477417,"House: Sharder Bari, Vill: Moddho Bongram, PO: Bongram-8141, PS: Maksudpur, Dist: Gopalganj"
Kyaw Thin Tun,9/63,B+,01782773743,"House: 41, Vill: Kharangkhali, PO: Noapara-4750, PS: Teknaf, Dist: Cox's Bazar"
Babul Hossain,9/63,O+,01312587363,"Vill: Tripurakandi, PO: Dutshor, PS: Shailokupa, Dist: Jhinaidah"
Md. Rakibul Hasan,9/63,B+,01770436017,"Vill; Dholai, PO: Nowdabash-5530, PS; Hatibandha, Dist; Lalmonirhat"
Md. Tokybul Hassan,9/63,O+,01910090127,"Vill: Dumurtala, PO; Narail-7500, PS: Narail Sadar, Dist; Narail"
Md Moniruzzaman Monir,9/63,O+,01817273629,"Vill; Ratonpur, PO: Choriarbil-7320, PS; Shailkupa, Dist; Jhenaidah"
Md. Faizur Rahman,9/63,A+,01641349553,"House no; 39, 40, Road no; 01, Block-C, Mirpur-13, Dhaka"
Shanjida Yeasmin Pria,9/63,A+,01725571084,"House no; 298/3, Vill: South Monipur, PO: Mirpur-1216, PS: Mirpur- Dist; Dhaka"
Md. Imon Mollik,9/63,AB+,01637154354,"Vill+PO: Gopalpur, PS: Belkuchi, Dist: Sirajganj"
Ferdous Ahmed,9/63,O+,01310490126,"Vill: Mazra, Word no: 05, PO: Mazra Sajail, PS: Kashani, Dist; Gopalganj"
Suman Roy,9/63,B+,01581273614,"Vill:Showladaha,Post:Ramshil,Ps:Kotalipara,Dist;Gpoalgonj"
Nazmus Sakib,9/63,B+,01905615468,"Road No14,Alamnagor Housing,Hemayetpur,Dhaka"
Md. Salauddin,9/63,A+,01722610663,
Md.Nuhash Mozumder,9/63,B+,01843023370,"House No:485/1Senpara,Parbata,Mirpur-10,Dhaka"
Hasibul Hasan,9/63,B+,01636060009,"House No:807,Moddoh Monipur,Mirpur,Dhaka-1216"
Oli Gain,9/63,B+,01747393370,"House no: 31/A/A, (1st Floor),2nd Colony Mazar road, Dhaka-1216"
Zakariya Ahmed Subeir,9/63,A-,01614646981,"269/2, 1st Colony, Block: E, Mazar road, Mirpur-1, Dhaka-1216"
Abdisalan Jamal Abdi,9/63,A-,01614646981,
Fabiha Haque Rimi,9/63,O+,01603602050,"Kha- 52/3C, Bottola, Khilkhet, Dhaka-1229"
Mst. Jannatul Ferdous Opi,9/63,O+,01608866303,"143, West Shewrapara, Mirpur, Dhaka-1216"
Akibul Islam Bayazid,9/63,O+,01861140410,"136, South Pirerbag, Mirpur, Dhaka-1216"
Jamim Tabrin Mim,9/63,B+,01999683381,"Vill:Khudiar Khanda,Post:Ambaria,Ps:Melandah,Dist:Jamalpur"
Abu Bakar Shihab,9/63,B+,01330934039,"Goni Master House, South Raypur, Word-5, Char Mohon, Raypur, Lazmipur"
Sadia Binte Islam,9/63,B+,01703540203,"Vill: Agarpur, PO: Shorarchor, PS: Kuliarchaar, Dist: Kishorganj"
Md. Atik Asif,9/63,O+,01945930001,"Vill; Khamarbalua, PO: Monoharpur, PS: Polashbari, Dist: Gaibandha"
Esha Rani Das Adita,9/63,O+,01999588571,"35,B/A, 2nd colony, mirpur-1, Dhaka-1216"
Jannathul Ariba,9/63,B+,01733279120,"23/B, 2nd Colony, Mazar Road, Mirpur-1"
Mahafuzur Rahman,9/63,A+,01521396733,"Vill/Post:Shanshirchor,Ps:Kaligonj,Dist:Sathkira"
Nabila Akter Aysha,9/63,B+,01731374652,"Vill:Sajjankanda Post:Rajbari,Ps:Rajbari Sador,Dist:Rajbari"
Md. Arafat Hossain,9/63,AB+,01748087910,"Vill: Majbari, PO: Kalokhali, PS: Kalokhali, dist: Rajbari"
Hasanur Rahaman,9/63,O+,01709097474,"Charchiloka, Kolakhali, Rajbari"
Md. Sazid Mahmood,9/63,B+,01616471844,"9-G/1BNP Painir Tankir More,West Agargaon,Dhaka"
Md. Jabir Hossain Emon,9/63,A+,01715049594,"Pathorghata, 4no Word, Bogra"
Syeda Raida Rownok Rafa,9/63,O+,01906958527,"23/A/A, 1st Colony, mazar road, Mirpur, Dhaka-1216"
Mehedi Hasan Suvo,9/63,O+,01888425374,"House; 721, Vill: Vojpara, PO: Lakxam-3570, PS: Laksam, Dist: Comilla"
Sayed Parvez Ahmed Shuvo,9/63,O+,01882723005,
Pronob Roy,9/63,O+,01782193422,"Vill: Sarishamuri, PO:Fuljhuri, PS: Betagi, Dist: Barguna"
Md. Mofassel Hossain,9/63,AB+,01581521994,"Vill:Runati Gas Para,Post:Khukni,Ps:Shajadpur,Dist:Sirajgonj"
Md. Nahidul Islam,9/63,A+,01518606221,"House No:A/32,3rd Colony,Lalkuhti,Mirpur-01,Dhaka-1216"
Md. Abdullah Al Noman,9/63,O+,01302894884,"Vill:Gabtoli,Post:Fuljhuri,Ps:Betagi,Dist:Barguna"
Zarfin Akter Zebin,9/63,B-,01795542327,"House: C-136/1, Vill: 3rd Colony, Block: C, Bashupara, PO: Mirpur-1216, PS: Mirpur, Dist: Dhaka"
Sadia Islam,9/63,AB+,01848053135,"Vill/Post:;Kumarvog,Ps:Louhajong,Dist:Munshigonj"
S. M. Shams,9/63,O+,01792121278,"House: 803,vill: Masumpur, PO: Sirajganj Sadar-6700, Ps: Sirajganj Sadr, Dist: Sirajganj"
Sakib Hassan,9/63,A-,01581095191,"Vill:Baburgati,Post:Majigati,PS:Gopalgonj sodewrDist:Gpoalgonj"
khalid Mosharrof Miraz,9/63,A-,01308270012,"Vill:Prothaokathi,Post:ps:Monirampur,Dist:Jashore"
Sanjida Akter Mou,9/63,O+,01648794438,"Kaundia, Mirpur bazar, Savar, Dhaka"
Zahidul Hasan,9/63,B+,01703379991,"762/6A, Monipur, Mirpur-2, Dhaka"
Saiful Islam Nirob,9/63,A+,01737062342,"722/., West Shewrapara, Mirpur, Dhaka-1216"
Md. Ashiqul Haq,10/64,A-,01909617901,"House no: 373/A, Vill: Shewrapara, Senpara Parbota, PO: 1216, PO: Mirpur, Dist: Dhaka"
Raisul Islam Shamim,10/64,A+,01765019634,"House no: CB/234, Dhaka Centonment, Kafrul, Mirpur-14 , Dhaka-1206"
Jahid Hasan,10/64,O+,01698084111,"Vill:Dapunia,Post:Shaidol,Ps:Hossainpur,Dist:Kishorgonj"
Rafiqul Rahman Aman,10/64,O+,01923399065,"15/E,3rd Colony,Bosupara,Lalkuthi,Mirpur-01,Dhaka-1216"
Md. Ikramul Hasan Kanak,10/64,B+,01823322585,"House NO:234,Paikpara,Mirpur-01,Dhaka-1216"
Rabeya Akter,10/64,B+,01619071298,"Vill:Shasheali,Post:Soth Balithuba,Ps:Faridgonj,Dist:Chandpur"
Mostafizur Rahman,10/64,B+,01766918834,
Mahamed Jama Hussain,10/64,B+,01894784329,
Mst. Rikta Begum,10/64,B+,01851967292,
Md. Shafin Hossain,10/64,O+,01631015091,"Vill: Panchkani, PO: Amin Bazar-1348, PS: Savar, Dist: Dhaka"
Asif Al Masud,10/64,O+,01860714313,"House No:35/10Walk-Up Colony,Paikpara,Mirpur-01,Dhaka-1216"
Md. Abu Saim,10/64,O+,01897963405,
Surjo Rajbongshi,10/64,B+,01855243552,"76,Golartek.Jhurabad,Mirpur-01,Dhaka-1216"
Md. Ratul Hossain Rabbi,10/64,A-,01976467868,"10/5,Bordhanbari,Mazar Road,Mirpur-01,Dhaka-1216"
Fahmida Faria Oishi,10/64,A-,01746301692,"Vill:Par Gurpdaspur,Post:Hatgurudaspur,Ps:Gurudaspur,Dist:Natore"
Md. Naimur Rahman,10/64,O+,01831014008,
Shariful Islam,10/64,B+,01610858123,"House: 444, South Paikpara, Mirpur-1"
Mahmud Al Mubin,10/64,B+,01908468511,
Md. Faisal Ahmed,10/64,O+,01749526358,"137/12C-16, Priyangon Housing, Mazar road, Mirpur-1"
Mst. Mariya Rahman,10/64,B+,01784854065,
Afia Mubassira,10/64,A+,01723833031,"Vill:Kamarpokor,Post:Kamrpokor,Ps:Horipur,Dist:Thakurgaon"
Md. Maruf Hossen,10/64,O+,01715424916,"Vill:Charfaizuddin,Posat:Hazirhat,Ps:monpura,Dist:Bhola"
Shuvo Majumder,10/64,B+,01726495044,"Vill:Chilarchor,Post:/Ps:Madaripur,Dist:Madripur"
Md. Shahariar Montasir Sajib,10/64,O+,01723863288,"House: 30, Road: 4, Block:Cha, Rainkhola, Mirpur-2, Dhaka"
Hasibur Rahman Sakib,10/64,A+,01999990281,"117/2, East Ahamed nagar, Bank Colony, Daffodil Lane, mirpur-1"
Bristy Akter,10/64,B+,01756977040,"117/2, East Ahamed nagar, Bank Colony, Daffodil Lane, mirpur-1"
Md. Mahfuzur Rahman,10/64,O+,01794075319,
Tanjila Aktar,10/64,A+,01920354041,"49/1, Darus Salam, Mirpur-1, Dhaka-1216"
Eva Akter,10/64,B+,01515270417,"2/17, Bardhanbari, Mirpur-1, Dhaka-1216"
Saurav Kumar Das,10/64,O+,01938162755,
Nur Mohammad Shihab,10/64,O+,01956703488,"111/1, Bazarpara, Darussalam, mirpur, Dhaka-1216"
J. M. Fahim Hasan,10/64,O+,01600336096,
Md. Nafeu Mollick,10/64,B-,01319056605,"14/3, Ebrahimpur, Mirpuir-14, Dhaka"
Sazzad Islam Sakib,10/64,AB+,01618560516,
Syeda Israt Jahan,10/64,O-,01771141399,"Word: 08, Islampur, Madrasah road, PO+PS: Dhamrai, Dist: Dhaka"
Rahul Das,10/64,O+,01830353587,"House: 19, Road: 02, Kalyanpur, Mirpur, Dhaka"
Sumaia Sultana,10/64,AB+,01701304910,"D-F/6, Rupnagar Abashik, Mirpur, Dhaka"
Md. Fardin Ahmed Udoy,10/64,O+,01845214964,"56/9,South Bishil,Mirpur-01,Dhaka-1216"
Md. Rumayun Masru Tamal,10/64,AB+,01738619197,
Mst. Radita Parvin,10/64,B+,01327806407,"Vill:Gayeshpur,Post:Jabripur,Ps:Badalgachi,Dist:Naogaon"
Md. Sad Akkas,10/64,O+,01779980886,"vill:Char-Khatamari,Post:Kulaghat,Ps:Lalmonirhat Sodar,Dist:Lalmonirhat"
Sadia Islam Sharna,10/64,O+,01759143880,"Vill:Diasour,Post:GournodiPs:Gouronodi,Dist:Barisal"
Maharun Nur Sanjida,10/64,O+,01881538885,"Vill:Chapair,Post:/Ps:Kaliakoir,Dist:Gazipur"
Md. Bellal Hossain,10/64,O+,01735301534,"Vill:Shatbaria,Post:shatbaria,Ps: Sujanagor,Dist:Pabna"
Abu Baker Safin,10/64,B+,01307434946,"333/4/C, Ahmed Nagar, paikparta, Mirpur-1, Dhaka"
Md. Sadik Hossain Siju,10/64,A+,01686433272,"2/8/J/5,Chowa Nibash,Toalarbag,Mirpur-01,Dhaka-1216"
Ashfia Alam Tasmy,10/64,O+,01537639277,"House No:312/4PQ,Flat-6A,Tolarbag Gate-03,Mirpur-01,Dhaka-1216"
Ifaz Ahmed Chowdhury,10/64,B+,01608915187,"House: 07, Road no: 08,Boshoti Housing, Borobag, Mirpur-2, Dhaka-1216"
Isma Akter,10/64,AB+,01810767800,"177/1A, Lalkuthi 2nd Colony, Mazar road, Mirpur-1, Dhaka-1216"
Arifa Akter,10/64,B+,01988009529,"House: 47, Road: 2, Block: C, Mirpur, Dhaka-1216"
Md. Nomun,10/64,AB+,01318648707,"Vill: Purbichoita, PO: Choita, PS: Mirzaganj, Dist: Patuakhali"
Faysal Hossain Ashik,10/64,B+,01831280805,"Vill: Chandpur, PO: Vhawal Chandpur, PS: Kapasia, Dist: Gazipur"
Md.Hasib Ul Islam Suvo,10/64,A+,01303503712,"Vill: Shehala, PO; Goalgram, PS; Daulatpur, Dist: Kushtia"
Hasibur Rahman,10/64,A+,01609305890,"Vill:,Habaspur, PO:m7720, PS: Pangsha, Dist: Rajbari"
Md. Sabbir Hossain,10/64,B+,01741028053,"House no: 585, Vill: Kalaichara, PO: Santhia-6670, PS: Santhia, Dist: Pabna"
Md. Zubaer Islam,10/64,AB+,01712433634,"House: 3/7, Vill; Riazuddin Matubbor Dangi, PO: Bakiganj-7800, PS: Faridpur Sadar, Dist; Faridpur"
Md. Salahuddin Khan,10/64,B+,01795502376,
Md. Yamin Hosain,10/64,O+,01531718073,
Marufa Jahan Ratry,10/64,B+,01773215750,
Anika Khan,10/64,A+,01533817027,"House :43-44,Road -03,Ruptali Housing ,Mirpur,-02,Dhaka-1216"
Maisha Monir Maisha,10/64,O+,01611372360,"House No:21,Road No:12,Block-D,Section-12,Mirpur,Dhaka-1216"
Md. Muzahid Kamal,10/64,B+,01726811480,"Word: 04, Vill: Bangulia, PO: Bangulia, PS: Palashbari, Dist: Gaibandha"
Md Tasin Iqbal,10/64,A-,01533900356,
Md Ebnul Shaikh,10/64,O+,01986689041,"9/4/1, Middle Monipur, Mirpur-2, Dhaka-1216"
Md. Mahafuzur Rahman,10/64,A-,01912412711,
Md. Ashikur Rahman,10/64,A+,01974629966,"Vill:Bashagari,Post:Kaziguri,Ps:Nagarkanda,Dist:Faridpur"
Nafiza Akter Dolon,10/64,B+,01533502328,"352,Ahmed Nagar,Mirpur-01,Dhaka-1216"
Md. Mahabubar Rahman,10/64,A-,017612333398,
Partha Pratim Howlader,10/64,A+,01315967262,"Debendra Khahali Lane , Word# 07, Bhola Sadar"
Khaled Hossen Sadi,10/64,B+,01767939682,
Md. Tanvir Bin Mostofa,10/64,O+,01717159316,"House No:17/7Master Villa,Mirpur-01,Dhaka-1216"
Tasnim Akter Farisha,10/64,AB+,01927505740,"284,Zayda Bhabon,Kallyanpur,Notun Bazar ,Dhaka-1216"
Umaiya Khan Sadia,10/64,O+,01775140451,"358/1, Ahmed Nagar, Paikpara, Mirpur-1, Dhaka"
Md. Muftiur Rahman,10/64,B+,01740105789,"Vill:Newshalbon,Post:/Ps:Rangpur Sodar,Dist:Rangpur"
Md. Al Amin,10/64,B+,01880819016,
Moriyom,10/64,A+,01741676176,"Priyanka Housing, Raod: 03, House: 18, Turagcity, Mirpur-1, Dhaka-1216"
Israt Jahan Khan,10/64,A+,01785588590,"House NO:21,Road No:19,Block-D,Mirpur-06,Dhaka-1216"
Purnata Harun Him,10/64,A+,01951062994,Mirpur-2
Tasnim Jahan Ful,10/64,O-,01934570561,"House: 13, Road: 18, Mirpur-1, Block: H,Shah Ali , Dhaka-1216"
Robi Chowdhury,10/64,O+,01838582635,"House -139,Road No:01,Ekushy Tower,Kushumbag,Uttar Bishil,Dhaka-1216"
Rimon Mia,10/64,B+,01719359645,"House No:137/12/A/13,Aminul Islam Babu House ,Sha Ali,Mirpur-01,Dhaka-1216"
Nadia Bashar,10/64,O+,01973093817,"House No:13,Choto Diabari.Mirpur-01,Dhaka-1216"
Zisan Tasmim Punni,11/65,O+,01628117905,"Vill:Khasadbaria,Post:Khasadbaria,Ps:Shahajadpur,Dist:Sirajgonj"
Md. Hasibur Rahman,11/65,B+,01893850280,
Arif,11/65,B+,01756753907,
Mst. Rafia Akter Riya,11/65,B+,01705301490,"Vill: Mujarmil, PO: Vobanipur,, PS: Gazipur Sadar, Dist: Gazipur"
Kaniz Fatema Suraiya,11/65,O+,01850029807,"House# 286/1, 3rd Colony, Lalkuthi, Darussalam, Mirpur-01, Dhaka-1216"
Mehnaj Nurain Tanha,11/65,B+,01710844278,"House: 14, Road: 04, Rupnagar R/A, Mirpur, Dhaka"
Fuad Hasan,11/65,AB+,01984590125,
Md. Imran Mia,11/65,AB+,01762202946,"GP- Gha- 116, Hzaribari, Mohakhali, Dhaka-1216"
Sheikh Mahabub Alam,11/65,B+,01611226936,
Md Sumon,11/65,A+,01757333465,
Ashia Khatun,11/65,O+,01791734148,"Vill:Post:Burihati,Ps:Kashobpur,Dist:Jessore"
Fazla Halim Md. Wasiqur Rahman,11/65,B+,01301701808,"F-15,Extaintion Pollobi,Mirpur-12,Dhaka-1216"
Sandip Panday,11/65,O+,01741750035,"Vill:Paherar Bari,Post:Ramshil,Ps:Katlipara,Dist:Gopalgonj"
Mst. Jonaki Khatun,11/65,A+,01799229628,
Nahid Hasan Emon,11/65,O+,01629113305,"House: 18, Road: 811, Block: A, Mirpur-1, Dhaka"
A. R. Shabbir Hossan,11/65,O-,01792619009,"House: 18, Road: 03, Block: C, Mirpur-1, Dhaka-1216"
Md. Shahriar Kabir Hridoy,11/65,O+,01639176541,"Jhigatoli, Dhanmondi"
Md. Maruf Hossain,11/65,A+,01740370069,"House No:24,Road No:A,Block-A,Mirpur-06,Dhaka-1216"
Rakib Hossain,11/65,B+,01978971533,"58/1Horirampur,Mirpur-01,Dhaka-1216"
Abu Wahid,11/65,O+,01401090003,"House No:10,East Kallyanpur,Mirpur,Dhaka-1216"
Mst. Misty Muni,11/65,A+,01305825013,"Word No:03,Kalitola,Bogura Sodar,Bugra"
Md. Aulad Hossain,11/65,O+,01408749236,
Md. Talha Jubair,11/65,A+,01639610517,"Vill:Middle Alipur,Post:Alipur,Ps:Faridpur Sadar,Dist:Faridpur"
Arafat Hossain Seam,11/65,B+,01890075650,
Labiba Rahman,11/65,AB+,01985711439,"House: 08, Road: 16, Rupngar R/A, Mirpur, Dhaka-1216"
Md. Mahamudul Hassan,11/65,A+,01716038795,
Mst. Jannatun Begum,11/65,AB+,01778085554,"West Shawrapara, Dhaka"
Md. Alauddin Talukder,11/65,B+,01611019963,"Vill:Balithuba Road,Post:Balithuba,Ps:Faridgonj,Dist:Chandpur"
Robiul Islam Rishad,11/65,AB+,01408892135,
Royel Chandra Das,11/65,O+,01823285707,
Samiul Alim Robin,11/65,A+,01643052123,"House: 17, Road: 08, Block:B, Sector: 13,Mirpur"
Md. Rayhan Kabir,11/65,O+,01319417046,
Md. Sadik - Al- Kabir,11/65,A+,01607653640,
Millad Hossain Bhuiyan,11/65,A+,01938369817,
Espat Ara Sara,11/65,A+,01310054237,"Vill: Amboula, PO: Paysharhat, PS: Agailjhara, Dist: Barishal"
Md. Tahasin Ahmmad,11/65,B+,01716494859,"House No:159/A,Senpara,Mirpur-10,Dhaka-1216"
Md. Golam Rabbani Abir,11/65,B+,01804672160,"House No:914/1Mirpur-02,Dhaka-1216"
Md. Arif Hosain,11/65,AB+,01930374640,"House No:141,/1/B,Sha Ali Bagh ,Mirpur-01,Dhaka-1216"
Sweety Akter Sathi,11/65,O+,01833713435,"441/15,Shapla Sharoni, Shewrapara, Mirpur, Dhaka-1216"
Most. Anjuman Ara,11/65,O+,01764535248,"Norshinghopur, Ashulia, Savar, Dhaka"
Mst. Shorifa Akter,11/65,AB+,01787054916,"House: 39, Road: 08, Block: B,Stadium 2 no Gate, Mirpur-2"
Saima Akter Ema,11/65,AB+,01951893689,"Vill:Shahorail,Post:Shahorai,Ps:Singair,Dist:Manikgonj"
Nurmohammad Oyon,11/65,B+,01980850398,"House No;216,Alubdi Pallabi,Mirpur-01,Dhaka-1216"
Bejoy Kumar Roy,11/65,B+,01765781092,"Vill:Taraphnowpara,Post:Shikhaboard,Ps:Jashore Soder,Dist:Jashore"
Alfaj Hossen Alve,11/65,A-,01611742453,"Kumar Bari, Mirpur Boro Bazar, Kanudia, Savar, Dhaka"
Md. Nayem,11/65,B+,01726789695,"Udon School Road, Poro 7no Word, Borhanuddin, Bhola"
Fazlay Rabby,11/65,O+,01304843598,
Shahin Biswas Milon,11/65,A+,01575632463,"House: 07, Road: 03, Block: A, Sec: 06,Mirpur, Dhaka-1216"
Md. Farhad Miah,11/65,A+,01945494941,"Ramarbag, Fatullah, Narayanganj"
Saikot Chondro,11/65,B+,01780222947,"Kayeempur, Fatullah, Narayanganj"
Md. Sohanur Rahman,11/65,O+,01865673256,"Purbomatapur, Jamalganj(5941)Akkelpur, Joypurhat"
Md. Abu Sadat Siddique,11/65,AB+,01973094290,"House: 16A, gate-5, Arambag Housing, Rumnagar, Mirpur, Dhaka"
Md. Farhad Bin Salam,11/65,A-,01611759864,"House: Shipai Bari, Vill: Mithloma, PO: Abidpur-3510, PS: Burichong, Dist: Comilla"
Imran Hossen,11/65,A+,01724825061,"Panthopath, Dhaka"
Md. Redwan,11/65,O+,01892056131,
Md Shihab Hossain,11/65,B+,01643999048,
Shaown Sheikh,11/65,O+,01828450484,
Md Nayem Mahamud,11/65,B+,01771679379,"137/12/-A,2nd Colony,Mirpur-01,Dhaka-1216"
Sayada Sanjeeta Sin Sikha,11/65,A+,01300378023,"Kodomtoli,Shiddhirgonj,Narayangonj"
Mohammad Riadul Alam,11/65,O+,01888652752,"House No:41,Road No:19,DRupnagar,Mirpur,Dhaka-1216"
Sheikh Shahadat,11/65,O+,01889114537,
Md. Rashed Mia,11/65,A+,01903676505,"Vill:Boro Baksha Nagar,Post:Shoto Baksha Nagar,Ps:Nawabgonj,Dist:Dhaka"
Md. Hasibur Rahman Hasib,11/65,A+,01788052661,"PC Culture Housing,Dhaka"
Sakawat Hossain,11/65,A+,01937232157,"House No:02,Road No:07,Block-C,Mirpur-013,Dhaka-1216"
Monny Akter,11/65,AB+,01758702419,"House No:101,/102,Borobagh Mirpur-01,Dhaka-1216"
Md. Sabbir Hossen,11/65,A+,01963492017,"Vill+Post:Benopol,Ps:Shasha,Dist:Jashore"
Sorna Akter Anee,11/65,A+,01924815689,"House No:22/4,Johurabad,Mirpur-01,Dhaka-1216"
Md. Arif Hossen,11/65,A+,01778116882,"House NO;7,Road No:5,Block-C,Section-02,Mirpur-02,Dhaka-1216"
Md. Muminur Rhaman Maruf,11/65,B+,01757597940,"131/B,Jahanara Gerden Farmgate,Dhak"
Md Foysal Islam Tashin,11/65,A+,01717611130,"19/A, Coatbari, Darussalam, Mirpur, Dhaka-1216"
Sadika Islam,11/65,B+,01764777154,"Shere Bangla Agricultural University, Dhaka-1207, 4/Gha"
H.M.Tanvir Hasan Shanta,11/65,B+,01610414132,
Md. Oli Rahman,11/65,O+,01610375765,"Vill:Boalmari,Post:sojalpur,Ps:Birgonj,Dist:Dinajpur"
Mahir Foysal,11/65,B+,01621709840,"House: Kalam Masterer Bari, Vill: Gazipur, PO: Gazipur-3543, PS: Muradnagar, Dist: Comilla"
Md. Sabbir Hossain,11/65,A+,01865569946,"House: 9/1, Vill: Moheshorpasha, PO: Kuet-9203, PS: Dowlatpur, Dist: Khulna"
Akash Sarkar,11/65,O+,01601141624,"2/17,Bardhan Bari,Mirpur-01,Dhaka-1216"
Md Abid Masud Prottay,11/65,A+,01713034502,"House: 37, Road: 08, Flat: 3/B, Rafique HousingShekhertek, Adabor, Mohammadpur, Dhaka"
Md. Arafat Hossain,11/65,B+,01832305153,
Arif Hossain,11/65,O+,01818544219,"House No:05,Road No:06,Section-01,Mirpur,Dhaka-1216"
Md. Shakil Howlader Emon,11/65,O+,01632622360,"Vill: Ruia, PO: Ruia, Ps: kotuali, Dist: Barshal"
Sourav Kumar Das,11/65,B+,01643154760,
Md. Abdur Rahman,11/65,B+,01926281586,"Vill: Pathra, PO: Jaluli bzar, Ps: mMoheshpur, Dist: Jhenaidah"
Md. Shahadat Hossain,11/65,A+,01639475237,
Abudaud Hoshen,11/65,A+,01779808900,
Sharmin Jahan Mim,11/65,A+,01631013058,"132/2/A, West Shewrapara, Mirpur, Dhaka"
Md. Sadman Sadik,11/65,O+,01302556200,"34/9,Road No:03,Shamoli,Dhaka"
Nashat Tasnim Onesha,11/65,B+,01759134143,"997/4A,Mirpur-02,Dhaka-1216"
Afrin Akter,11/65,AB+,01643570305,"35/B/2, Azimpur Road, PO: New Market, Lalbag, Dhaka"
Azizul Hakim,11/65,O+,01571505476,"House NO:29,Road No:09,Block-D,Sha Ali,Mirpur-01,Dhaka-1216"
Sumiya Akter Shimu,11/65,B+,01841468790,"36/1,D, Azimpur, Mouchak Colony"
Md. Musa Ibrahim,11/65,A-,01612447202,"2/7D, Tolarbag, Panirtank, Mirpur-1, Dhaka-1216"
Nayan Ghatak,11/65,O+,01307766529,"Vill: Baulia, PO: Battola Bazar, PS: Shalikha, Dist: Magura"
Ashikur Rahman,11/65,AB+,01608159295,"Vill: Jatrapur, PO: Hakimpur-7330, PS: Chougacha, Dist: Jessore"
Md. Robiul Alam,11/65,B+,01610290210,
Sadman Sakib,11/65,O+,01767826114,"1/1/1, Tolarbag, Mirpur-1, Dhaka"
Md. Nahid Hasan,12/66,A+,01756217859,
Jarif Ahamed,12/66,B+,01312237740,"House no: 330, Vill: West Pirerbag-1216, PS: Mirpur, Dist: Dhaka"
Mst. Tanjila Siddiki Tori,12/66,B+,01720155683,"Sreenagar Health Complex, Munshiganj"
Biplob Biswas Tonu,12/66,A+,01902740974,"Post Office Road, badda, Dhaka-1212"
Md. Al Merag,12/66,O+,01516521562,"House No:1000,Road No,17,Adabor,Mohammadpur,Dhaka"
Minhaz Hossain Topu,12/66,O+,01925282945,"House No:03,Road No:26,Block-D,Section--1216"
Md. Tawassuk Emam Nabin,12/66,B+,01930368228,"House No:20,Road No:02,Priyanka Housing,Mirpur-01,Dhaka,1216"
Tamim Adnan,12/66,AB+,01908646268,"House No:26,Road No:19,Block-C,Mirpur-01,Dhaka-1216"
Meharun Akter Mitu,12/66,A+,01944742206,"93, Polashnagar, Mirpur-14, Dhaka"
Md. Hridoy Ahmed,12/66,AB+,01747945900,"House No:33,Road No:06,Block-D,Mirpur-01,Dhaka-1216"
Mahbuba,12/66,A+,01873610113,"272, Road no: 06, Baten Nagar, Mazar road, Mirpur-1, Dhaka"
Shakil Ahamed,12/66,O+,01643050661,"House no: D36/4, Vill: Bashupara, PO: Mirpur-1216, PS: Mirpur, Dist: Dhaka"
Mosammed Lubana,12/66,B+,01973073119,"48, Bordhon Bari, Darussalam, Mirpur-1"
Kaniz Fatema,12/66,B+,01907159835,"261/2, Lalbag, Dhaka"
Fardil Ahamed,12/66,O+,01610094387,"572,Monipur, Mirpur-2, Dhaka-1216"
Md. Naim Hossain,12/66,B+,01521715772,"58/Sheikhdi,Shonir Akhra,Jatrabari,Dhaka"
Md. Ashiqur Rahman,12/66,O+,01754090637,"Vill: Khudiadanga, PO: Proshadpur-6510, PS: Mandfa, Dist: Naoga"
Md. Rahaduzzaman Nabil,12/66,O+,01978811833,"377,Ahmednagar,Moniruddin MarketMirpur-01,Dhaka-1216"
Md.Jain Azmain,12/66,B+,01737032500,"House No:15,Road No:01,Mirpur-01,Dhaka-1216"
S.S Md. Bayzid,12/66,B+,01619788808,"Chattogram Road Shiddirgonj,Narayangonj"
Mst. Baishakhi,12/66,O+,01882692157,
Yousuf Ali,12/66,B+,01602536137,"Home: 08, Block: D, Section:11, Line: Bauniabadh, Mirpur-11"
Mohosina Ferdousi,12/66,A+,01715938319,"345, North Pirerbagh, 60 Feet, Mirpur-2, Dhaka"
Md. Nafijul Islam Oni,12/66,A+,01613481811,"32, Dhanmondi, Dhaka"
Md. Farhan Sadiq Chanchal,12/66,B+,01609277332,"17/3, Block: B, Babar Bazar, Shymoli, Dhaka"
Md. Nafis Bin Malek,12/66,AB+,01705205066,"House No:187,Monowara Cottage,Flat No:F-E/1,1st Floor,Tejkunipara,Tejgaon,Dhaka"
Ismot Ara Tanvin,12/66,AB+,01896213570,"House No:09,Road No:06,Mirpur-11,Dhaka-1216"
Md. Younus Ali Shihab,12/66,B+,01845625942,"Vill:Radhaballob,Post/:Ps:Rangpur Sador,Dist:Rangpur"
Md. Mahmudul Alam,12/66,AB+,01701505821,
Sinthia Jaman Prithi,12/66,A+,01403043868,"Hazi Road Shailbari,Mirpur-02,Dhaka-1216"
Ayesha Patoary,12/66,B+,01894220327,"House nO;144/12,South Piererbagh,60Feet,Mirpur-01,Dhaka-1216"
Raihan Biswas,12/66,B+,01883891265,"266/2,Ahamed Nagar,Mirpur-01,Dhaka-1216"
Rabiul Islam Titas,12/66,B+,01639492338,Mirpur-2
Sabiha Jannat Anika,12/66,O+,01407330232,"House: 153, Vill: Pousha, PO; Poysharhat-8242, PS: Agailjhara, Dis"
Nafisa Tasnim Shifa,12/66,B+,01814466287,"House : 47/1, Vill: Jafrabad, Ps: Mohammadpur, Dist: Dhaka"
Afat Uddin,12/66,O+,01851858804,"Mohammadia Housing Socity, Mohammadpur"
Fahmid Chowdhury Shaikat,12/66,A+,01884582909,"27,A,3rd Colony,Lalkuthi,Mirpur,Dhaka-1216"
Suraiya Akter Mim,12/66,O+,01927638196,
Nobina Akther,12/66,A+,01947388857,"House no: 01, Road no: 03, Sect no: 09, Uttara, Dhaka1230"
Al-Ahad Joy,12/66,O+,01407707425,"141/1, Nobaberbag, Mirpur-1, Dhaka-1216"
Jahanara Akter Mim,12/66,B+,01317300332,"House: 316, Senpara Parbota, Mirpur-10, Dhaka"
Mirza Meheraz Shafait Plabon,12/66,A+,01791416589,"House no: 06, Vill: Soto Diabari,PO: Mirpur-1216, PS: Mirpur, Dist: Dhaka"
Md. Shahariar Jaman Siam,12/66,O+,01972030030,"23, Hena Kutik, 60 Feet, Ahmed Nagar, Mirpur-1, Dhaka-1216"
Md Imran Hossaen Shovon Rudura,12/66,AB+,01521201066,"House: 242, Road: 24, Section-07, Mirpur, Dhaka-1216"
Md. Al-Amin,12/66,B+,01733674429,"Mohammadpur,Dhaka"
Shomik Hossain,12/66,O+,01797918459,
Md. Sultan Mahmud Sohel,12/66,B+,01706897081,"Moddo Paikpara, Mirpur-1"
Md.Ekramul Haque Jaki,12/66,B+,01605305029,"Mazar Road, Mirpur-1, Dhaka"
Md. Mehedi Hasan,12/66,AB+,01770122480,"Tolarbag, Mirpur-1, Dhaka-1216"
Bappy Bala,12/66,O+,01893575626,"Vill: Kathurakathi, Po: Kuriana, PS: Nesarabad, Dist: Pirojpur"
Tashbee Tanzim Ruhanee,12/66,O+,01942749489,"141/2, Mamataz Manzil, A-Helal Samay Mosjid Road, Sharulia, Demra, Dhaka-1361"
Md. Ayub Ali,12/66,O+,01315496967,"Vill: Morichtola, PO: Khashbari, PS: Dhonot, Dist: B"
Toukir Hossain,12/66,O+,01798202602,
Md. Abul Hasan,12/66,AB+,01733010484,"84/12-A, North Jatrabari, Dhaka-1204"
Md. Shoriful Islam,12/66,AB+,01303065132,
Victor Bagani,12/66,B+,01306377250,"95/Ka, Janata Housing, Mirpur-01, Dhaka"
Mahid Hossain,12/66,O+,01307245463,
Mozzammel Hossain,12/66,A+,01580325199,"Vill: Char Hazari, Po: Char Hazari-3851, PS: Companyganj, Dist: Noakhali"
Md. Naeem,12/66,O+,01600646465,
Ariful Islam,12/66,A+,01879011725,
Fatema Akter,12/66,O+,01622193221,"Darussalam, Mirpur, Dhaka-1216"
Azizul Hoque,12/66,O-,01763636999,
Nirob Adhikary,12/66,A+,01797485662,
Zainul Abedin Minhaz,12/66,B+,01680442970,"35/E-4, Shah Ali Bagh, Mirpur-1"
Ashtinul Islam Khan Hridy,12/66,A+,01733313125,
Md. Nahid Araf,12/66,B+,01581895694,"Vill:Dipchar,Post:Char -Ashtospur,Ps:Pabna Sador,Dist:Pabna"
Mst. Ria Khatun,12/66,O+,01571256804,"Uttora,Dhaka"
Nasrin Begum,12/66,O+,01603420809,"Vill:Adiabad PB Nagar,Raipura,Norshingdi"
Md Arafat Shahriya,12/66,B+,01644547013,"Vill:Balighat,Post:Harbangha,Ps:Gangni,Dist:Meherpur"
Md. Tanjim Hossain Alve,12/66,O+,01402231209,
Md.Biplob Hossain,12/66,AB+,01906592481,"Mohakhali,Dhaka"
Md Sagar Hossain,12/66,B+,01301739259,"Vill:Narayanpur,Post:Narayanpur,Ps:Chougasha,Dist:Jessore"
Kazi Md. Fahim Mahmud,12/66,AB-,01869088420,"Vatikoya,PO: Aminpur, PS: Sujanagoar, Dist: Pabna"
Salvia Sraboni,12/66,B+,01610790196,"Panthopath Signal, Dhaka"
Polash Ahammed,12/66,O+,01680104777,"Vill:Rogunathpur,Post:Khunachorpara,Ps:Sherpur Sador,Dist:Sherpur"
Mst. Eismin khatun,12/66,B+,01707944136,
Md. Sohebul Islam,12/66,O+,01819223758,
Md. Mehedi Hasan,12/66,O+,01759280809,"vill: Alta Dighi, PO: Raiga-6530, Ps: Mohadebpur, Dist: Naogaon"
J. M Fahim Hasan,12/66,O+,01893380852,"Viil; Kollanpur Word -04,Post:Baniaboho,Ps:Jhenaida Sador,Dist:Jhenaida"
Shahriar Salman Siam,12/66,A+,01305924693,"Vill;Munshibari, Kagaiya,Post:Shreeyong,Ps:lasham,Dist:Cumilla"
Tanjina Sultana Tisha,12/66,A+,01788856353,"Vill/::Kagoyia Post:Punchtubi BazarPs:Laksam,Dist:Cumilla"
Tanzil Hossain,12/66,AB+,01646687429,"Vill:Patuari BariPost: Noyahat,Ps:Faridgonj,Dist:Cumilla"
Chowdhury Abdullah Bin Hossain,12/66,B+,01827629361,
Mostakin Islam,12/66,B+,01603581013,
Md Shakib Rahman Shadhin,12/66,B+,01723500422,"Vill+PO: Purbonawdapara, PS: Bhehramara, Dist: Kushtia"
Eisthiak Ahmed Siam,12/66,A+,01711139825,"Vill:Shekerchar,Post:Madhabdi.Ps:Narshigdi Sadar,Dist:Narsighdi"
Rabbi Hossain Loban,12/66,B+,01751438497,"Bardhanbari,Darusalam Mirpur-01,Dhaka-1216"
Md. Yaseen Kobir Jisan,12/66,O-,01705899192,"Vill:Vakura,Post:Naraynpur,Ps:Pirgonj,Dist:Thakurgaon"
Mohammad Zamal Hossain,12/66,O+,01787576117,"Vill:Gorgontoli,Post:Ramgarh,Khagrachari"
Umme Salma,12/66,A+,01764897244,"House: 21, Road: 02, Block: C, Mirpur-12, Pallobi"
Sudipto Das,12/66,A+,01880765151,"House: 47, Vill: Brammonkanda, Masdul Bari road, PO: Sri-onagan-7804,, Faridpur Sadar, Faridpur"
Raisul Alam,12/66,AB+,01810520523,"39 no Building, South Mugda para, Dhaka-1214"
Mahim Sayeed,12/66,B+,01319935305,"M M Ali Road, Jashore Sasor"
Mahadiya Hossain,12/66,O+,01724270750,"House No:99,Dhonia,Jatrabari,Dhaka"
Md.Masuk Kabir Dalim,12/66,B+,01755876658,"Bordhon Bari, Mirpur-1, Dhaka"
Pranto Debnath,12/66,B+,01315691797,
Md Minhazul Hassan,12/66,O+,01322195158,"Shaktola uttarpara, Masterbari, Comilla-3500, PS: Comilla Sadar South, Dist: Comilla"
Sultana Rajia,12/66,AB+,01310647625,"Kalikur,Gazipur"
Sumaya Akter Farjana,12/66,A-,01752578649,
Md. Adnan Sany Forhad,13/67,B+,01973073270,"Vill: West Kaundia, PO: Mirpur-1216, PS: Savar, Dist: Dhaka"
Sadit Rahman,13/67,B+,01921442192,"House# E/1,1/4,Road# 10, Baten nagar, Darussalam, Mirpur, Dhaka-1216"
Nusaiya Akter Shikha,13/67,B+,01851513857,"Gudaraghat, Road: 08, Mirpur-1, Dhaka-1216"
Tasin Akter Rima,13/67,O+,01618588146,"247/7, Senpara porbota, PO: Mirpur-1216, PS: Mirpur, Dist: Dhaka"
Mahir Labib,13/67,A+,01731802200,"9/B,Bardhanbari,Mirpur-01,Dhaka-1216"
Md. Meherab Hossain Ope,13/67,O+,01518991404,"Nurjahan Mosjid Road,Islam Nogor,Kamrangichor,Dhaka"
Md. Sihabul Islam,13/67,O+,01771157398,"House: 0731, Road: 04, Sect: 07, Mirpur"
Ohana Islam,13/67,O+,01620006469,"111/2, Tejkunipara, Tejgoan, Dhaka"
Jobayet Kandakar,13/67,B+,01775205072,"822/5B,West Kazipara, Mirpur-10, Dhaka"
Md. Ifteaz Ben Zaman,13/67,A+,01741432446,"327,Pashim Dashora,Manikgonj Sodar ,Manikgonj"
Zahid Hossain,13/67,AB+,01850175763,"House: 251, lane-11, block: A, Kafrul, Mirpur-13"
Md. Nayem Hasan,13/67,A+,01550445847,"Building: 01, House: 12A, Govt. Staff Quater, Section: 06, Mirpur, Dhaka-1216"
Saiful Islam,13/67,B+,01738184975,"Vill:Surjakandi,Post:Kalikacho,Ps:Sarail,Dist:Brahamonbaria"
Tangina Akter,13/67,B+,01620112559,"Mazar Road,Mirpur-01,Dhaka-1216"
Most. Tahomina Akther Tisha,13/67,O+,01409028984,"134/4 A,im Garden Darussalam Tower,Mirpur-01,Dhaka-1216"
Al-Amin,13/67,B+,01832348474,"Ka/199,Bagbari, Gabtoli, Mirpur"
Md. Shafiul Islam Shaon,13/67,O+,01705692816,"Boro Badnapara, Chatra, Pirganj, Rangpur"
Fahim Chowdhury,13/67,A-,01615116666,"59/D/B, Darus-salam Tower(Face-2), Darus-salam,Dhaka"
Md. Asraful Sarkar,13/67,B+,01887096213,
Zannatul Ferdous Mim,13/67,B+,01868622206,"34, West Monipur, Mirpur-2, Dhaka"
Abdullah Nayan,13/67,A+,01746073798,"72/10/B,Lalkuhti 3rd Colony,Block-F,Mirpur-01,Dhaka -1216"
Mobarok Hossain Himel,13/67,O+,01867865238,
Md. Hosenuzzaman Sagor,13/67,B+,01927320204,
Nazifa Nowsin,13/67,O+,01703990173,"House-11, Road:-3, Block-H, Mirpur-1"
Abu Sayed Morsalin,13/67,B+,01705748013,"Sine board, Narayanganj"
Md. Rifad Ahmmed Rabbi,13/67,A+,01755364657,"Vill+PO+PS: Boiddobelghoria, Dist: Natore"
Md. Sagor Ahammed,13/67,O+,01732416969,
Sadia Islam Khan Anuska,13/67,AB+,01794018884,
Khondokar Mintu,13/67,O+,01650130308,"Nivakrishnopur, Pangsha, Rajbari"
Prantik Chakraborty,13/67,B+,01521781812,
Nowha Tasmiah Chowdhury,13/67,AB+,01727423048,"House no-59, Road-06, Block-A, Mirpur-12"
Sanjida Khayer Khusbu,13/67,A+,01684985060,"House No:2,Block -E,Eastern Housing,2nd Colony, Pallabi Mirpur ,Dhaka-1216"
Chayon Bain,13/67,B+,01887454421,"House No:28/2,Road NO:03,Block-A,Priyanka Housing,Mirpur-01,Dhaka-1216"
Tahsin Reza Riyad,13/67,A+,01307415087,"Fulbaria,Lakhai,Habigonj"
Hamima Akter Prema,13/67,B+,01865250528,
Chandon Nath,13/67,B+,01874220234,"Lal Mohan Saba Street, Vutergoli, Narindden, Dhaka-1000"
Md. Abdus Salam,13/67,A+,01902864182,
Md. Mehedi Hassan,13/67,A+,01907252606,"Word:07,PO: Hatbakua, PS and Dist: Jhenidah-7300"
Mohibul Mahafuj Joy,13/67,A+,01329499435,"Word:04, Vill and PO: Amuria, PS and Dist: Magura"
Md. Rihan Ahammed,13/67,A+,01758141563,"Herondopara, Lowhati, Delduar, Tangail"
Amina Khatun,13/67,B+,01884900077,"Jagonnathpur, Jessore Sadar, Jessore"
Niaz Rahman,13/67,AB+,01874330374,"370/1,North Pirerbagh ,60Feet Mirpur-02,Dhaka-1216"
Md. Nayem Hossain,13/67,B+,01738411972,"Hospital road, Sherpur, Bogra"
Md. Jamil Ahmed Polash Matubber,13/67,B+,01823214950,"House-27, Road-9/1, Sect-12, Block-E, Pallabi, Mirpur"
Md Sagor Islam,13/67,A+,01644984896,"House No:3/1,Road No:1,Block-B,Mirpur-02,Dhaka-1216"
Kanita Nazneen,13/67,O+,01757166941,"Modina nagar, 24/2, Mirpur-11"
Jannatul Faria,13/67,B+,01690040666,
Md. Ashanur Ali,13/67,O+,01742135630,"Vill: Madhobpur, PO: Bahadurpur, PS: Bheramara, Dist: Kushtia"
Sk. Riadul Islam Fardin,13/67,B+,01320833296,"333/4C, Ahmednagar, Mirpur-1"
Md. Jahidul Islam,13/67,O+,01749791534,"Kazipara, Mirpur-10, Dhaka"
Md. Mohosin Ali,13/67,A+,01774001235,"H# Hossen Drpara, Vill: Jogonnathpur, PO: Chorok Danger bazart-5240, PS: Chiribandar, Dist: Dinajpur"
Md. Sihab Sarder,13/67,AB+,01784206135,"Vill: Vorotmaria, PO: Satbaria, PS: Putia, Dist: Rajshahi"
Md. Asifur Rahman Sarkar,13/67,O+,01811259075,"2 no Road, Block: A, Mirpur-12"
Nayan Chandro Sen,13/67,A+,01331766100,"1st, Colony, Darussalam road, Mazar road, Mirpur-1"
Jannaty Islam Joya,13/67,B+,01711262337,"53/C, Johurabadf, Mirpur-1, Dhaka-1216"
Sumaiya Hossain,13/67,B+,01316915863,"35/1/C, Shyamoli, Road no: 03, Dhaka-1207"
Md. Abidur Rahman,13/67,B+,01797109361,"Vill:Malshor,Pst/Ps: Shantahar,Dist: Bogra"
Kazi Sahadat Hossen,13/67,B+,01673128483,"Taltola Agargaon,Mirpur"
Anamika Karmakar,13/67,O+,01327329798,"Narshingdi Sador,Narshingdi"
Hasib Mahmud,13/67,B+,01725777205,
Md. Abdullah Al Atik,13/67,O+,01762883980,
Rounack Jahan,13/67,B+,01607816378,"Barguna Sadar, Barguna"
Mubaswira Jannat Mishu,13/67,O+,01407737485,"Baksatra, Uttar para, Kaundia, Savar, Dhaka"
Md. Rana Hossan,13/67,AB+,01759178202,"Vill: Mowsimnagar,PO: Parkhajura, PS: Monirampura, Dist: Jessore"
Kongkon Jowarder,13/67,B+,01778934545,"Rampura, Banasree, Dhaka"
Masum Mia,13/67,A+,01648259260,"369/2, (2nd Floor) Ahamed Nagar, Ansar Camp, Mirpur-1, Dhaka-1216"
Sohana Akter Eva,13/67,O+,01921051184,"224/4, South Pirerbag, 60Feet, Amtola, Mirpur-1"
Md. Kaief,13/67,O+,01861458969,"Vill: Narikelbaria, PO: Robi Narikelbaria-7300, PS: Jhinaidah Sadar, Dist: Jhinaidah"
Sumaya Islam Nafisha,13/67,B+,01741897417,"121/2, Jonaki Road, Mirpur-1"
Md. Imran Hossain,13/67,B+,01793275050,"House; 04, Raod: 01, Block; E, Mirpur-12Dhaka-1216"
Md. Kaif Hosen Topader,13/67,O+,01595207875,"Vill: Kaundia,Post:Mirpur Bazar,Ps:Savar,Dist:Dhaka"
Md. Sabbir Hossain,13/67,B+,01859542166,"Vill: Hashir Bari,Dighadair,Post:Ragoi,Ps:Sharasti,Dist: Chandpur"
Mohammad Mahidul Imam Saurov,13/67,AB+,01618302460,"992,BSH,East Shewrapara,Mirpur,Dhaka"
Sheikh Toimur Shahriar,13/67,B+,01909516427,"South Dania ,Kadamtoli,Dhaka-1236"
Al Amin Hossain Rangin,13/67,A+,01516573978,"vill:Kamalpur,Post:Sotighata,Ps: Jessor Sodar,Dist:Jessor"
Md. Jahid,13/67,A+,01763943446,"5/21,Bardhanbari,Mirpur-01"
Smrity Rani Sarkar,13/67,A+,01894282092,"91 no, Bonogram Road, Wari, Dhaka"
Bikash Samadder,13/67,O+,01982984921,"House No:19,road No:21,Block-12,Mirpur-12,Dhaka-1216"
Faria Islam,13/67,B+,01619435479,"165 Majeda Villa, Moddho, Basabo"
Nishat Tasnim,13/67,O+,01715447003,"House: 229, Tenshed Colony, Section-13, Mirpur- Dhaka-1216"
Jerin Akter,13/67,O+,01785296600,"Amena Tower, 5th Floor, Nobinagar, Jatrabari"
Naimul Islam Rafi,13/67,A+,01936518541,"196/1West Agaragoan,Dhaka"
Md. Foyes Jaman Jihad,13/67,A+,01337924749,"Shadinota Sorok,Poschim Tawon,Kalikapur,Patuakhali Sodar,Patuakhali"
Kallan Chandra Ray,13/67,O+,01792906413,"Harish Chandra path, Jaldhaka, Nilphamari"
Md. Ibrahim Hossain,13/67,B+,01850308513,"House No:31/G,Bashbari Road,Mohammadpur,Dahka"
Muntasir Afif Chowdhury,13/67,O+,01972494774,"House no: 05, Road no: 07, Mirpur-1, Dhaka-1216"
Abrar Raiyan,13/67,A+,01862747574,"149/9/C, Shah Ali Bag, Mirpur-1, Dhaka-1216"
Md. Aminul Islam,13/67,B+,01796128090,"Holding no-256, Proshika, mirpur-6"
Md. Abir Hossain,13/67,A+,0185773324,"334/6Ahmed Nagar,Mirpur-01,Dhaka-1216"
Md. Golam Mostafa,13/67,A+,01976873717,
Md. Solaiman,13/67,A+,01701495304,
Rashadul Ahasan Esmam,13/67,O+,01787211235,"17/2, Abdullah Nibas, Tolaer bag, 2no, Gatr, Near Govt. Hostel"
Tamanna Akter,13/67,AB+,01747242612,"Home no: 17, Road no: 15, Block: C, Mirpur-12"
Md. Asraful Alam Muksit Arman,13/67,O+,01887240934,"917, East Shewrapara, Mirtpur, Dhaka-1216"
Md. Obydul,13/67,O+,01996517977,"Johurabad, Mirpur-1, Dhaka"
Md. Bin Tawsif,13/67,A+,01788007536,"Bcic Colony, Zooroad, Mirpur-1, Dhaka-1216"
Nowsheen Nowal Sinthi,13/67,B+,01937858735,"House-36, Line-02, Block-B, Section-11, Mirpur"
Mst. Marufe Islam,13/67,A+,01619100794,"1/Ga/1, Borobagh, Mirpur-2, Dhaka"
Sumaiya Akter Alo,13/67,B+,01771547812,"27/4, Choto Diabari, Mirpur-1, Dhaka-1216"
Md Hasibur Rahman Hasib,14/68,B+,01730136704,"House No:427/17/Q/3,Road No:06, Mahadinagar,Kamrangichar,Dhaka"
Majadur Rahman Nahid,14/68,O+,01616521958,"Shahjalal Ave Road No:13,Sectior-04,Uttora,Dhaka"
Daud Hossain,14/68,O+,01858357477,"3/5, Shanpara Parbota, Mirpur-10, Dhaka"
Md. Sefat Islam Apon,14/68,O+,canceled,"New ak School Road ,Sonir Akhra,Dhaka"
Sakib Ahammed,14/68,A+,01980963669,"Panchdona, Narsingdi Sadar, Narsingdi"
Nazmul Hag Nadim,14/68,B+,01316630668,"House :05, Road: 06, Senpara, Parbata, Mirpur-10"
Hossain Ahmed,14/68,B+,01618314166,"Notun Sunampur, Baliganj, Sylhet"
Yeasir Saad,14/68,A+,01792643675,
Jotika Chowdhury,14/68,O+,01335772794,
Nosrat Jahan,14/68,O+,01849912679,"House no: 25/8A, Shah Ali Bag, Mirpur-1, Dhaka-1216"
Md. Pavel Islam,14/68,AB+,01733074858,"Hemayetpur, Savar, Dhaka"
Saime,14/68,B+,01880461010,"Vill: Dorga Puruja, PO: Shaltha-7801,PS: Shaltha, Dist: Faridpur"
Md. Junayed Gazi,14/68,A+,01338794500,
Md. Mostafijur Rahman Shihab,14/68,O+,01893105349,"Vill & PO: Daulatpur-6740, PS: Belkuchi, Dist: Sirajganj"
Md. Jakaria Hosen Jim,14/68,B+,01613530167,"House No;32/2A,North Basabo,Sobujbagh,Dhaka"
Shariha Islam,14/68,B+,01317622956,"19/D5,Majida vila,Uttor Tolarbagh,Mirpur-01,Dhaka-1216"
Israt Jahan Mouni,14/68,O+,01820810708,"House no: 14, Road no: 12, Block: C, Mirpur-11"
Fahim Akhand Nafim,14/68,O+,01877868474,"House No:178/4,Ahmed Nagar,Mirpur-01,Dhaka-1216"
Md. Arafatullah,14/68,B+,01858322111,"Word: 03, PO & PS: Mohammadpur, Dist: Magura"
Sheikh Shahariar Rumi,14/68,O+,01977321054,"17/C,Jobbar Housing Sicity, Mirpur, Dhaka"
Nahid Ali,14/68,A+,01740366576,"Vill: Kismotkatra, PO: Chantara, PS: Ghatail, Dist: Tangail"
Md. Shalehin,14/68,B+,01771999733,"Shohobotkathi, Maghia-9310, Kachua, Bagerhat"
Md. Abdur Rahman,14/68,B+,01332866443,
Md. Junayed Al Hadi,14/68,B+,01601670331,
Sadakul Islam,14/68,O+,01825799946,
Md. Fozla Rabbi,14/68,B+,01617920120,"211/B,Krishnachura R/A,Mazar Road ,2nd Colony,Mirpur -01,Dhaka-1216"
Irfan Mahmood Rafi,14/68,O+,01913555360,"House No: 36,Ahmed Nagar,Mirpur-01,Dhaka-1216"
Yesmin Akter Lamia,14/68,A+,01716178981,"House No;25,Road No;10,Bolck-C,Pallabi,Mirpur,Dhaka-1216"
Md. Rifat Dewan,14/68,A+,01880995742,"House: 02, Road- 08, Rupnagar R/A, Mirpur"
Riyad Hasan Bhuiyan,14/68,B+,01608825421,"House:26/10, Mirpur-2, Dhaka-1216"
Md. Abdullah Al Rakib,14/68,A+,01643815185,"Hazi Abdur Rahman Lane, Jigatola, Dhanmondi"
Md Fahim Islam,14/68,A-,01893259413,
Samiha Ride,14/68,O+,01305343413,"Vill: Salimnagar,post: Gurail,Ps: Mirzapur,Dist: Tangail"
Kazi Aidah Haque,14/68,O+,01307453054,"House No: 12/8,Word No: 04,Road No: 06,Block-D,Baghnibari,Savar, Dhaka"
Abdullah Sunny Pathan,14/68,B+,01984654606,"House No: 17,Road No: 22,Block-D,Mirpur-06,Dhaka-1216"
Md. Ahad Ibne Arif,14/68,B+,01610279129,"House: 08, Road-Avenew-1, Block: B, Section-13, Dhaka-1216"
Md. Nazmul Haque,14/68,A+,01881630431,"Vill: Mulukdanga, PO: Nonaher, PS: Porsha, Dist: Naogaon"
Asrafi Islam Adiba,14/68,A+,01609868221,"Roni market, Kamrangichar, Dhaka"
Hafsa Islam,14/68,B-,01794125859,"6/22/A, Uttar Tolarbag, Mirpur-1, Dhaka"
Toufiq Hossen Tonmoy,14/68,A+,01812136519,"House No: 16/17,Road -09, Adabor,Mohammadpur,Dhaka"
Md. Saiful Islam,14/68,A+,01323639684,"Kallayanpur,Dhaka"
Abdulla Al Siam,14/68,AB+,01325095484,"Kallayanpur,Dhaka"
Anika Talukdar Prionty,14/68,B+,01820209005,
Md Tanvir Ahmed,14/68,O+,01772313318,"Shari Monjil ,Kalindi,Kenigonj,Dhaka"
Khondoker Hafsa,14/68,B-,01761066143,"10-C,22/11,Mirpur,Dhaka-1216"
Md. Shakil Babu,14/68,O+,01794880117,
Md. Shakil Hossain,14/68,A+,01880708811,
Md. Shahin Mia,14/68,AB+,01828186872,"445/1, Dokkhin Paikpara, Mirpur, Dhaka-1216"
Maherun Akter,14/68,B+,01957107297,"445/1, Dokkhin Paikpara, Mirpur, Dhaka-1216"
Polock Kumar Saha,14/68,O+,01909198403,"Vill: Mahashowr, PO+PS: Daulatpur, Dist: Khulna"
Md. Walidur Rahman,14/68,B+,01515627449,"35/A/KHA, Sha Ali Bagh, Mirpur-1"
Sumiya Sultana,14/68,B+,01303762461,"Farmgate, Dhaka"
Md. Samir Alam Joy,14/68,B+,01976139864,"House No:35,Road No: 07,Block-E,Flat 3B,Mirpur-12,Dhaka -1216"
Umme Sumaya Nishi,14/68,AB+,01790824032,"H/10,981,East Shewraara,Dhaka-1216"
Tasbid Islam Nibir,14/68,O+,01896223889,"Vill: Gashir Dia,Post: Kaundia,Ps: Savar, Dist: Dhaka"
Tahmina Akter,14/68,B+,01912705069,"157/1/Ka, Shah Ali Bag City Colony, Mirpur-1"
Abir Ahammed Joy,14/68,O+,01927732039,"Vill: Kandirpara Insaf Nagar, PO: Ramkrishnapur, PS: Daulatpur, Dist: Kushtia"
Sujit Sarker,14/68,B+,01745270165,"Vill: Bajpar,Butoni.Post: Botoni,Ps: Shibalya,Dist: Manikgonj"
Halima Khatun Sapna,14/68,AB+,01983032279,"House No:98/A,Endira Road,Sher E Bangla Nagar, Dhaka"
Ummakulsum Redy,14/68,B+,01609487970,"19/K/L,North Tolarbagh,Mirpur-01,Dhaka-1216"
Md Hasib Hossain,14/68,B+,01760071222,"35/E/5,Sha Ali Bagh,Mirpur-01,Dhaka-1216"
Khairuzzaman,14/68,B+,01858733735,"House No:2,Road No:05,Block-G,Mirpur-02,Dhaka-1216"
Roknuzzaman Ruzel,14/68,O+,01740839218,"Vill: Telipara,Post: Tonihat,Ps: Panchagore Sadar,Dist: Panchagorh"
Sadia Akter,14/68,B+,01869599591,"119/D, Mostofa goli, Green road, Farmgate, Dhaka"
Mohammad Hasan,14/68,A+,01782384936,"5/1, Boro Diabari, Mirpur-1, Dhaka-1216"
Amit Das,14/68,AB+,01738176229,"Vill: Monohorpur, PO: Mirjapur-9821, PS: Tala, Dist: Satkhira"
Md. Merajul Islam Khan,14/68,O+,01756861338,"Farazikandi, Matlab North, Chandpur"
Samia Akter Ahana,14/68,O+,01882400881,"House No:11,Line No:13,Avenew 3,Block-A,Sec:11,Mirpur-11,Dhaka-1216"
Md. Mansurul Muttaki,14/68,AB+,01704769699,"Vill: Purbo Dakkhin Seangol.Post:Seangol,Ps: Nessrabad,Dist: Pirojpur"
Nazmul Islam,14/68,AB+,01798400643,"Vill: Sharatala,Post: Khalishpur,Ps: Moheshpur,Ps: Jenaidha"
Md. Mehedi Hasan Asif,14/68,B+,01861509441,"Vill: Fuldighi,Post: /Ps/Bogura Sadar,Dist: Bogra"
Md. Muntasir Labib,14/68,AB+,01920985163,"House No;09,Road No;09,Block-C,Mirpur-12,Dhaka-1216"
Pritom Saha,14/68,O+,01713876322,"House No;57-58,Block-E,Road No:07,Dhaka-1216"
S. M. Amio Islam,14/68,O+,01711582016,"44, Hena Garden, Sukrabad, Dhanmondi-32"
Mst. Lima Khatun,14/68,B+,01989359029,"44, Hena Garden, Sukrabad, Dhanmondi-32"
Md. Rezaul Karim,14/68,O+,01571314160,"22/1,Road No:11,Rupnagar,R/A,Mirpur-02,Dhaka-1216"
Chandra Chakma,14/68,A+,01627537163,"Word:01, Vill: Kutukchari, Rangamati Sadar"
Md. Mehedi Hasan Rudro,14/68,B+,01712384889,"BCIC Coloney, Zoo road, Mirpur-1"
Sifa Khatun,14/68,A-,01780561336,"593, Kazipara, Mirpur-10"
Shoriful Islam Emon,14/68,A+,01636857821,"404,North Kazipara, Mirpur-10, Dhaka-1216"
Sanjida Islam Tuba,14/68,B+,01818822735,"House No: Spnochura Tower -01,2E,Manikdi Namapara,Dhaka"
Pelush Bala,14/68,B+,01722705376,"153/154Cha,Road No:03,Mirpur-02,Dhaka-1216"
Md. Jakaria Hossain Sikder,14/68,B+,01999993645,"H-9/2, Demra paradagar, Dhaka"
Nur Islam,14/68,B+,01834782947,"New Ranir Hat,Muli pur, Feni Sadar, Feni"
Aysha Siddika Rimpa,14/68,A+,01408733536,"276,Dhalda,Foylahat,Rampal,Bagerhat"
Md. Zubayer Hossain Prince,14/68,B-,01805548928,"House No:254,,West Gate Bashiuddin School, Ahmed nagar,Mirpur-01,Dhaka-1216"
Md. Sakibul Hasan,14/68,B+,01768373706,"Vill: Hematpur,Post: /Ps:Pabna Sadar,Dist; Pabna"
Shahinur Islam Nayeem,14/68,B+,01771712626,"Master Plot,Uttor Kaundia,Amin Bazar,Savar,Dhaka"
MD. Mehedi Hasan,14/68,O+,01723034427,
Nafizul Islam Papel,14/68,A+,01755810806,"10no- Bardhanbari, Mirpur-1, Dhaka"
Alit Sarker Moni,14/68,O+,01793675639,"46/10, Uttor Bisil, Mirpur-1"
Md. Rashed,14/68,AB+,01832211437,"Vill: Chor Sotin, PO: Hajir Hat-8360, PS: Monpura, Diost: Bhola"
Gazi Mazin,14/68,B+,01624303911,"209, SD/A, 1st Colony Mazar Road, Mirpur-1"
Sabrina Akter Priya,14/68,O+,01328233300,"House No: 01,Road No:05,Block-C,Mirpur-01,Dhaka-1216"
Gazi Mohasin,14/68,B+,01322555312,"209, 1st Colony , Mazar road, Mirpur-1"
Md. Dulal Hossen,14/68,A+,01754769613,"House no: 01, Road no: 02, Kallayanpur, Mirpur"
Asha Akter,14/68,A+,01533986338,"House no: 31, Road no: 08, Block: C, Mirpur-12"
Mehedi Hasan,14/68,B+,01908620223,"Vill: Kashipur, PO: Nalta, PS: Kaliganj, Dist: Satkhira"
Sifat Ahmmed,2/15/69,A+,01841183575,"House No:05,Road No:09,Bliock-H,Section-2Mirpur,Dhaka -1216"
Torzayoun,2/15/69,O+,01872771012,"Block-F, Road-01, House-09, Mirpur-1"
Nur - E- Jannat,2/15/69,B+,01837644118,"Palash Nagar, Mirpur-11, Dhaka-1266"
Mohammed Sahil Hoda,2/15/69,O+,01764233984,"Mazar road, Darus Salam Thana , Mirpur-01, Dhaka-1216"
Shohorab Hossain Ontu,2/15/69,A+,01700909637,"137/12,C-3,Ptiyangon Abashik Alaka,Mirpur-01,Dhaka-1216"
Aurgha Kundu,2/15/69,O-,01746446875,"Satkhira Sadar, Satkhira"
Marzan Islam Rity,2/15/69,A+,01739550965,"House No:14/2,Road no:12,Ghorashal Powar Station,Palash,Narshingdi"
Mohaiminul Hoque Alok,2/15/69,B+,01947151532,"66/1,Sha Ali Bagh,Mirpur-01,Dhaka-1216"
Md. Hasibur Rahman Panna,2/15/69,AB+,01879378411,"House No;11,Road No;08,Block-D,Mirpur-11,Dhaka-1216"
Asadul Islam,2/15/69,A+,01881997504,"209 South Paikpara,Mirpur-01,Dhaka-1216"
Md. Tanvir Ahmed,2/15/69,O+,01996075311,"CB-145/1, Puran Kachukhet, Mirpur-1, Dhaka-1216"
Mst. Sahara Jahan Oishi,2/15/69,A+,01887864444,"House;04, Raod No:08, Borobag, Boshoti Housing, Mirpur 2. Dhaka-1216"
Al Nahian Tayeeb,2/15/69,B+,01880498126,"Kaundia Kawkhali,Pirojpur"
Maleha Rahman Mim,2/15/69,O+,01577458721,
Sumiya Akter Toma,2/15/69,O+,01709829814,"House No:1035,7Up Goli,Kathataltola,Mirpur-02,Dhaka-1216"
Tanveer Ahammad,2/15/69,O+,01833557595,"Al-komol Housing, Mirpur-01, Dhaka-1216"
Argha Hazra,2/15/69,B+,01787936147,"Mirpur-02,"
Md. Asraf Ali,2/15/69,O+,01756443582,Narsingdi NRD.
Md. Saifur Rahman SAif,2/15/69,A-,01887846497,
Md. Mahbubur Rahman Rahat,2/15/69,A-,01746253429,
Choyon Majumder,2/15/69,A-,01608847192,
Ruhe Rahman,2/15/69,O+,01798136584,"Vill: Mohaddebpur,Post: Shahapur,ps: Ishwardi,Dist: Pabna"
Md. Shadhin Hasan,2/15/69,B+,01306598195,"Vill: Putigara,Post: Ataikula,Ps: Ataikhula"
Md. Kazi Hanif,2/15/69,AB+,01997138288,"727 Ibrahimpur,Asidak,Mirpur-14,Dhaka-1216"
Md. Shawal Arefin,2/15/69,A-,01913592888,
Md. Ruhul Amin,2/15/69,B+,01784926930,"Vill:Kacharipara,Post/Ps: Pabna Sadar,Dist: Pabna"
Sourin Tabassum Jim,2/15/69,O+,01636628710,"Vill: Kamlapur,Post: Nakol,Ps: Sreepur,Dist: Magura"
Mourin Tabassum,2/15/69,O+,01613885694,"Vill: Kamlapur,Post: Nakol,ps: Sreepur,Dist: Magura"
Tabassum Khatun Nishat,2/15/69,O+,01819118697,"House no;18,Road No;6,Block-F,Mirpur-01,Dhaka-1216"
Asim Kumar Shil,2/15/69,O+,01618190963,"Manikganj, Joyra College Raod, Manikganj Sadar"
Abu Bakkar Md. Siam,2/15/69,A-,01779605767,
Sujon Roy,2/15/69,A+,01310391739,"Dhaka , Mohakhali, TB Gate"
Md Abdul Fuad,2/15/69,A+,01304037942,"32/9,Rupnagar Abashik ,Mirpur-01,Dhaka-1216"
Umme Sahara,2/15/69,B+,01877379806,"House No;5554,Kazipara,Mirpur-01,Dhaka-1216"
Taniya Hossain,2/15/69,O+,01817510334,"Vill; Angaria,Post: /Ps: Sigair,Dist: Manikgonj"
Khatuna Zannat Promi,2/15/69,A+,01794091004,"Vill: Tengria jharbari,Post: Kathaldangi, Ps: Horipur,Dist: Thakurgaon"
Sazzadur Rahman Sanjeed,2/15/69,B+,01846214969,"33/C,Ahmed Nagar,Mirpur-01,Dhaka-1216"
Md. Azmain Ahmed Alif,2/15/69,B+,01339891998,"House No: 19,Road No: 02,Block-C,Mirpur-01,Dhaka-1216"
Ismail Hossain Mamun,2/15/69,A+,01783418277,
Samiul Islam Sami,2/15/69,O+,01973721555,"Uttar Baherchar,Taranagar,Kernigonj,Dhaka"
Md. Eashir Arafath Irfan,2/15/69,A-,01642000641,
Md. Shafiul Haque,2/15/69,A-,01314899710,
Mst. Isita Khatun,2/15/69,O+,01775863919,
Ahaduzzaman Sunny,2/15/69,O+,01350051535,"Vill: Ghonapara,Post: Singair,Ps: Sigair,Dist: Manikgonj"
Md. Majharul Islam,2/15/69,A+,01747839766,"Bypass,South Sunna Sylhet"
Md. Shahadat Hossain Sarkar,2/15/69,A-,01897784981,
Dipto Karmokar,2/15/69,O+,01763899929,"Vill; Jaforpur,post: Chuadanga Sadaqr,Dist: Chuadanga"
Md. Tanzil Hasan,2/15/69,A+,01743303135,"Zoo Road,Mirpur-01,Dhaka-1216"
Mosharof Hossain,2/15/69,A-,01780490860,"5/1/ka,Baishtaki, Mirpur 13, Dhaka"
Md. Jahidul Islam,2/15/69,O-,01837323981,"Block-D,03\176, Eastern housing, Mirpur, Dhaka 1216"
Sabbir Rahman,2/15/69,A-,01925256692,
Md. Sieam Hossan,2/15/69,A+,01612148849,"Vill: Mohismari,Post: Padua,Ps: Daudkandi,Dist: Cumilla"
Faysal Hossain,2/15/69,A+,01639828754,"Vill:/Post: Alipur,Ps: Sathkira,Dist: Sathkira"
Abir Islam Ashru,2/15/69,AB-,01723850782,"C,/14,Lalkuthi Bazar,Mirpur-01,Dhaka-1216"
Md. Jakaria Jomaddar,2/15/69,B+,01401813864,"Vill: Morichal,Post: Kularhat,Ps: Kularhat,Dist: Pirojpur"
Md Norul Abser,2/15/69,A-,01859903772,"Vill/Post: Ps: Eidgaoan,Dist: Coxbazar"
Adiba Sharaf,2/15/69,B+,01312547913,
Himel Bala,2/15/69,O+,01741744025,"House No:21,Shahidminar Road,Kallayanpur,Dhaka"
Zinan Ramisha Khan,2/15/69,A+,01726495786,"Tara Nibas,Abu Lais Lane,Feni Sadar ,Feni"
Md. Zayed,2/15/69,A-,01817659901,"22/A12, kuni para (Happy Homes. Tejogn I/A)"
Most. Mohua Khatun,2/15/69,A-,01766070026,
Tahmid Zaman Rahat,2/15/69,O+,01760639858,"59/C, North Dhanmondi, Kalabagan, Dhaka"
Md. Mohinul Hoque Asif,2/15/69,A+,01741625896,
Md. Eam Hossen,2/15/69,A+,01615361578,Cumilla
Md. Rakibul Islam Joynal,2/15/69,A+,01770170404,
Z M Akib Andalib,2/15/69,AB+,01927698869,"187/1 middle paikpara, Mirpur 1, Dhaka-1216"
Md. Mehedi Hassan,2/15/69,O-,01934646146,aa
Abid Siddiqui,2/15/69,AB+,01915594481,j
Rubayat Ashraf,2/15/69,B+,01326107126,
Md. Mahinuddin Mia,2/15/69,A-,019502144917,
